"Município";"2026";"Total"
"410690 CURITIBA";7085;7085
"411370 LONDRINA";5648;5648
"411520 MARINGA";4260;4260
"410830 FOZ DO IGUACU";2916;2916
"411840 PARANAVAI";982;982
"410480 CASCAVEL";235;235
"410400 CAMPINA GRANDE DO SUL";144;144
"410940 GUARAPUAVA";66;66
"411990 PONTA GROSSA";63;63
"410140 APUCARANA";32;32
"410550 CIANORTE";24;24
"410430 CAMPO MOURAO";22;22
"410150 ARAPONGAS";21;21
"410860 GOIOERE";7;7
"410640 CORNELIO PROCOPIO";7;7
"412810 UMUARAMA";6;6
"410720 DOIS VIZINHOS";6;6
"410590 COLORADO";4;4
"410490 CASTRO";4;4
"410840 FRANCISCO BELTRAO";4;4
"411320 LAPA";4;4
"411980 PLANALTO";4;4
"410180 ARAUCARIA";1;1
"412550 SAO JOSE DOS PINHAIS";1;1
"290140 ANGICAL";-;-
"290120 ANAGE";-;-
"290130 ANDARAI";-;-
"290135 ANDORINHA";-;-
"290090 ALMADINA";-;-
"290080 ALCOBACA";-;-
"290100 AMARGOSA";-;-
"290115 AMERICA DOURADA";-;-
"290110 AMELIA RODRIGUES";-;-
"290190 APORA";-;-
"290180 ANTONIO GONCALVES";-;-
"290195 APUAREMA";-;-
"290205 ARACAS";-;-
"290200 ARACATU";-;-
"290160 ANTAS";-;-
"290150 ANGUERA";-;-
"291992 MADRE DE DEUS";-;-
"290170 ANTONIO CARDOSO";-;-
"291990 MACURURE";-;-
"290070 ALAGOINHAS";-;-
"280720 SIRIRI";-;-
"280710 SIMAO DIAS";-;-
"280730 TELHA";-;-
"280750 TOMAR DO GERU";-;-
"280740 TOBIAS BARRETO";-;-
"280670 SAO CRISTOVAO";-;-
"280660 SANTO AMARO DAS BROTAS";-;-
"280680 SAO DOMINGOS";-;-
"280700 SAO MIGUEL DO ALEIXO";-;-
"280690 SAO FRANCISCO";-;-
"290040 AGUA FRIA";-;-
"290035 ADUSTINA";-;-
"290050 ERICO CARDOSO";-;-
"280650 SANTA ROSA DE LIMA";-;-
"290060 AIQUARA";-;-
" MUNICIPIO IGNORADO - BA";-;-
"280760 UMBAUBA";-;-
"290010 ABAIRA";-;-
"290030 ACAJUTIBA";-;-
"290020 ABARE";-;-
"290430 BREJOES";-;-
"290420 BOTUPORA";-;-
"290440 BREJOLANDIA";-;-
"290450 BROTAS DE MACAUBAS";-;-
"291980 MACAUBAS";-;-
"290395 BOM JESUS DA SERRA";-;-
"290390 BOM JESUS DA LAPA";-;-
"290400 BONINAL";-;-
"290410 BOQUIRA";-;-
"290405 BONITO";-;-
"290460 BRUMADO";-;-
"290500 CACULE";-;-
"290490 CACHOEIRA";-;-
"290510 CAEM";-;-
"290520 CAETITE";-;-
"290515 CAETANOS";-;-
"290475 BURITIRAMA";-;-
"290470 BUERAREMA";-;-
"291970 MACARANI";-;-
"290485 CABACEIRAS DO PARAGUACU";-;-
"290480 CAATIBA";-;-
"290380 BOA VISTA DO TUPIM";-;-
"290260 BAIXA GRANDE";-;-
"290250 BAIANOPOLIS";-;-
"290265 BANZAE";-;-
"290280 BARRA DA ESTIVA";-;-
"290270 BARRA";-;-
"290220 ARAMARI";-;-
"290210 ARACI";-;-
"290225 ARATACA";-;-
"290240 AURELINO LEAL";-;-
"290230 ARATUIPE";-;-
"290290 BARRA DO CHOCA";-;-
"290340 BELMONTE";-;-
"290330 BARRO PRETO";-;-
"290350 BELO CAMPO";-;-
"290370 BOA NOVA";-;-
"290360 BIRITINGA";-;-
"290310 BARRA DO ROCHA";-;-
"290300 BARRA DO MENDES";-;-
"290320 BARREIRAS";-;-
"290327 BARROCAS";-;-
"290323 BARRO ALTO";-;-
"280640 SANTANA DO SAO FRANCISCO";-;-
"280050 AREIA BRANCA";-;-
"280040 ARAUA";-;-
"280060 BARRA DOS COQUEIROS";-;-
"280070 BREJO GRANDE";-;-
"280067 BOQUIM";-;-
" MUNICIPIO IGNORADO - SE";-;-
"270940 VICOSA";-;-
"280010 AMPARO DE SAO FRANCISCO";-;-
"280030 ARACAJU";-;-
"280020 AQUIDABA";-;-
"280100 CAMPO DO BRITO";-;-
"280170 CRISTINAPOLIS";-;-
"280160 CEDRO DE SAO JOAO";-;-
"280190 CUMBE";-;-
"280210 ESTANCIA";-;-
"280200 DIVINA PASTORA";-;-
"280120 CANINDE DE SAO FRANCISCO";-;-
"280110 CANHOBA";-;-
"280130 CAPELA";-;-
"280150 CARMOPOLIS";-;-
"280140 CARIRA";-;-
"270810 SANTANA DO MUNDAU";-;-
"270800 SANTANA DO IPANEMA";-;-
"270820 SAO BRAS";-;-
"270840 SAO JOSE DA TAPERA";-;-
"270830 SAO JOSE DA LAJE";-;-
"270760 QUEBRANGULO";-;-
"270750 PORTO REAL DO COLEGIO";-;-
"270770 RIO LARGO";-;-
"270790 SANTA LUZIA DO NORTE";-;-
"270780 ROTEIRO";-;-
"270850 SAO LUIS DO QUITUNDE";-;-
"270910 TAQUARANA";-;-
"270900 TANQUE D'ARCA";-;-
"270915 TEOTONIO VILELA";-;-
"270930 UNIAO DOS PALMARES";-;-
"270920 TRAIPU";-;-
"270870 SAO MIGUEL DOS MILAGRES";-;-
"270860 SAO MIGUEL DOS CAMPOS";-;-
"270880 SAO SEBASTIAO";-;-
"270895 SENADOR RUI PALMEIRA";-;-
"270890 SATUBA";-;-
"280220 FEIRA NOVA";-;-
"280490 PACATUBA";-;-
"280480 NOSSA SENHORA DO SOCORRO";-;-
"280500 PEDRA MOLE";-;-
"280520 PINHAO";-;-
"280510 PEDRINHAS";-;-
"280445 NOSSA SENHORA APARECIDA";-;-
"280440 NEOPOLIS";-;-
"280450 NOSSA SENHORA DA GLORIA";-;-
"280470 NOSSA SENHORA DE LOURDES";-;-
"280460 NOSSA SENHORA DAS DORES";-;-
"280530 PIRAMBU";-;-
"280600 RIBEIROPOLIS";-;-
"280590 RIACHUELO";-;-
"280610 ROSARIO DO CATETE";-;-
"280630 SANTA LUZIA DO ITANHY";-;-
"280620 SALGADO";-;-
"280550 POCO VERDE";-;-
"280540 POCO REDONDO";-;-
"280560 PORTO DA FOLHA";-;-
"280580 RIACHAO DO DANTAS";-;-
"280570 PROPRIA";-;-
"280290 ITABAIANA";-;-
"280280 INDIAROBA";-;-
"280300 ITABAIANINHA";-;-
"280320 ITAPORANGA D'AJUDA";-;-
"280310 ITABI";-;-
"280240 GARARU";-;-
"280230 FREI PAULO";-;-
"280250 GENERAL MAYNARD";-;-
"280270 ILHA DAS FLORES";-;-
"280260 GRACHO CARDOSO";-;-
"280330 JAPARATUBA";-;-
"280400 MARUIM";-;-
"280390 MALHADOR";-;-
"280410 MOITA BONITA";-;-
"280430 MURIBECA";-;-
"280420 MONTE ALEGRE DE SERGIPE";-;-
"280350 LAGARTO";-;-
"280340 JAPOATA";-;-
"280360 LARANJEIRAS";-;-
"280380 MALHADA DOS BOIS";-;-
"280370 MACAMBIRA";-;-
"291400 IPIRA";-;-
"291390 IPIAU";-;-
"291410 IPUPIARA";-;-
"291420 IRAJUBA";-;-
"291880 LAJE";-;-
"291350 IGUAI";-;-
"291345 IGRAPIUNA";-;-
"291360 ILHEUS";-;-
"291380 IPECAETA";-;-
"291370 INHAMBUPE";-;-
"291430 IRAMAIA";-;-
"291480 ITABUNA";-;-
"291875 LAGOA REAL";-;-
"291490 ITACARE";-;-
"291510 ITAGI";-;-
"291500 ITAETE";-;-
"291450 IRARA";-;-
"291440 IRAQUARA";-;-
"291460 IRECE";-;-
"291470 ITABERABA";-;-
"291465 ITABELA";-;-
"291200 IBIASSUCE";-;-
"291190 IACU";-;-
"291210 IBICARAI";-;-
"291230 IBICUI";-;-
"291220 IBICOARA";-;-
"291165 GUAJERU";-;-
"291160 GOVERNADOR MANGABEIRA";-;-
"291170 GUANAMBI";-;-
"291185 HELIOPOLIS";-;-
"291180 GUARATINGA";-;-
"291240 IBIPEBA";-;-
"291310 IBITITA";-;-
"291300 IBITIARA";-;-
"291320 IBOTIRAMA";-;-
"291340 IGAPORA";-;-
"291330 ICHU";-;-
"291260 IBIQUERA";-;-
"291250 IBIPITANGA";-;-
"291270 IBIRAPITANGA";-;-
"291290 IBIRATAIA";-;-
"291280 IBIRAPUA";-;-
"291520 ITAGIBA";-;-
"291750 JACOBINA";-;-
"291740 JACARACI";-;-
"291760 JAGUAQUARA";-;-
"291780 JAGUARIPE";-;-
"291770 JAGUARARI";-;-
"291720 ITUACU";-;-
"291710 ITORORO";-;-
"291730 ITUBERA";-;-
"291735 JABORANDI";-;-
"291733 IUIU";-;-
"291790 JANDAIRA";-;-
"291845 JUCURUCU";-;-
"291840 JUAZEIRO";-;-
"291850 JUSSARA";-;-
"291860 JUSSIAPE";-;-
"291855 JUSSARI";-;-
"291810 JEREMOABO";-;-
"291800 JEQUIE";-;-
"291820 JIQUIRICA";-;-
"291835 JOAO DOURADO";-;-
"291830 JITAUNA";-;-
"291580 ITAMBE";-;-
"291570 ITAMARI";-;-
"291590 ITANAGRA";-;-
"291610 ITAPARICA";-;-
"291600 ITANHEM";-;-
"291535 ITAGUACU DA BAHIA";-;-
"291530 ITAGIMIRIM";-;-
"291540 ITAJU DO COLONIA";-;-
"291560 ITAMARAJU";-;-
"291550 ITAJUIPE";-;-
"291620 ITAPE";-;-
"291680 ITARANTIM";-;-
"291670 ITAQUARA";-;-
"291685 ITATIM";-;-
"291700 ITIUBA";-;-
"291690 ITIRUCU";-;-
"291870 LAFAIETE COUTINHO";-;-
"291630 ITAPEBI";-;-
"291640 ITAPETINGA";-;-
"291660 ITAPITANGA";-;-
"291650 ITAPICURU";-;-
"290700 CARDEAL DA SILVA";-;-
"290690 CARAVELAS";-;-
"290710 CARINHANHA";-;-
"291915 LAPAO";-;-
"290720 CASA NOVA";-;-
"290685 CAPELA DO ALTO ALEGRE";-;-
"290682 CANUDOS";-;-
"290687 CAPIM GROSSO";-;-
"291920 LAURO DE FREITAS";-;-
"290689 CARAIBAS";-;-
"290730 CASTRO ALVES";-;-
"290790 CIPO";-;-
"290780 CICERO DANTAS";-;-
"290800 COARACI";-;-
"290820 CONCEICAO DA FEIRA";-;-
"290810 COCOS";-;-
"290750 CATU";-;-
"290740 CATOLANDIA";-;-
"290755 CATURAMA";-;-
"290770 CHORROCHO";-;-
"290760 CENTRAL";-;-
"290570 CAMACARI";-;-
"290560 CAMACAN";-;-
"291950 LIVRAMENTO DE NOSSA SENHORA";-;-
"290590 CAMPO ALEGRE DE LOURDES";-;-
"290580 CAMAMU";-;-
"291955 LUIS EDUARDO MAGALHAES";-;-
"291960 MACAJUBA";-;-
"290530 CAFARNAUM";-;-
"290550 CALDEIRAO GRANDE";-;-
"290540 CAIRU";-;-
"290600 CAMPO FORMOSO";-;-
"290650 CANDEIAS";-;-
"291930 LENCOIS";-;-
"290660 CANDIBA";-;-
"290680 CANSANCAO";-;-
"290670 CANDIDO SALES";-;-
"290610 CANAPOLIS";-;-
"291940 LICINIO DE ALMEIDA";-;-
"290620 CANARANA";-;-
"290640 CANDEAL";-;-
"290630 CANAVIEIRAS";-;-
"290830 CONCEICAO DO ALMEIDA";-;-
"291060 ESPLANADA";-;-
"291050 ENTRE RIOS";-;-
"291070 EUCLIDES DA CUNHA";-;-
"291075 FATIMA";-;-
"291072 EUNAPOLIS";-;-
"291020 DOM MACEDO COSTA";-;-
"291010 DOM BASILIO";-;-
"291890 LAJEDAO";-;-
"291040 ENCRUZILHADA";-;-
"291030 ELISIO MEDRADO";-;-
"291077 FEIRA DA MATA";-;-
"291125 GAVIAO";-;-
"291120 GANDU";-;-
"291130 GENTIO DO OURO";-;-
"291150 GONGOGI";-;-
"291140 GLORIA";-;-
"291085 FILADELFIA";-;-
"291080 FEIRA DE SANTANA";-;-
"291090 FIRMINO ALVES";-;-
"291110 FORMOSA DO RIO PRETO";-;-
"291100 FLORESTA AZUL";-;-
"290900 CORDEIROS";-;-
"290890 CORACAO DE MARIA";-;-
"291910 LAMARAO";-;-
"291905 LAJEDO DO TABOCAL";-;-
"290910 CORIBE";-;-
"290850 CONCEICAO DO JACUIPE";-;-
"290840 CONCEICAO DO COITE";-;-
"290860 CONDE";-;-
"290880 CONTENDAS DO SINCORA";-;-
"290870 CONDEUBA";-;-
"290920 CORONEL JOAO SA";-;-
"290980 CRUZ DAS ALMAS";-;-
"290970 CRISTOPOLIS";-;-
"290990 CURACA";-;-
"291005 DIAS D'AVILA";-;-
"291000 DARIO MEIRA";-;-
"290940 COTEGIPE";-;-
"290930 CORRENTINA";-;-
"291900 LAJEDINHO";-;-
"290960 CRISOPOLIS";-;-
"290950 CRAVOLANDIA";-;-
"270740 PORTO DE PEDRAS";-;-
"260360 CAMUTANGA";-;-
"260350 CAMOCIM DE SAO FELIX";-;-
"260370 CANHOTINHO";-;-
"260390 CARNAIBA";-;-
"260380 CAPOEIRAS";-;-
"260320 CAETES";-;-
"260310 CACHOEIRINHA";-;-
"260330 CALCADO";-;-
"260345 CAMARAGIBE";-;-
"260340 CALUMBI";-;-
"260392 CARNAUBEIRA DA PENHA";-;-
"260450 CHA GRANDE";-;-
"260440 CHA DE ALEGRIA";-;-
"260460 CONDADO";-;-
"260480 CORTES";-;-
"260470 CORRENTES";-;-
"260410 CARUARU";-;-
"260400 CARPINA";-;-
"260415 CASINHAS";-;-
"260430 CEDRO";-;-
"260420 CATENDE";-;-
"260160 BELEM DO SAO FRANCISCO";-;-
"260150 BELEM DE MARIA";-;-
"260170 BELO JARDIM";-;-
"260190 BEZERROS";-;-
"260180 BETANIA";-;-
"260110 ARARIPINA";-;-
"260105 ARACOIABA";-;-
"260120 ARCOVERDE";-;-
"260140 BARREIROS";-;-
"260130 BARRA DE GUABIRABA";-;-
"260200 BODOCO";-;-
"260270 BUENOS AIRES";-;-
"260260 BREJO DA MADRE DE DEUS";-;-
"260280 BUIQUE";-;-
"260300 CABROBO";-;-
"260290 CABO DE SANTO AGOSTINHO";-;-
"260220 BOM JARDIM";-;-
"260210 BOM CONSELHO";-;-
"260230 BONITO";-;-
"260250 BREJINHO";-;-
"260240 BREJAO";-;-
"260740 ITACURUBA";-;-
"260730 IPUBI";-;-
"260750 ITAIBA";-;-
"260765 ITAMBE";-;-
"260760 ILHA DE ITAMARACA";-;-
"260690 IGUARACY";-;-
"260680 IGARASSU";-;-
"260700 INAJA";-;-
"260720 IPOJUCA";-;-
"260710 INGAZEIRA";-;-
"260770 ITAPETIM";-;-
"260810 JOAO ALFREDO";-;-
"260805 JATOBA";-;-
"260820 JOAQUIM NABUCO";-;-
"260830 JUPI";-;-
"260825 JUCATI";-;-
"260780 ITAQUITINGA";-;-
"260775 ITAPISSUMA";-;-
"260790 JABOATAO DOS GUARARAPES";-;-
"260800 JATAUBA";-;-
"260795 JAQUEIRA";-;-
"260540 FEIRA NOVA";-;-
"260530 EXU";-;-
"260545 FERNANDO DE NORONHA";-;-
"260560 FLORES";-;-
"260550 FERREIROS";-;-
"260500 CUPIRA";-;-
"260490 CUMARU";-;-
"260510 CUSTODIA";-;-
"260520 ESCADA";-;-
"260515 DORMENTES";-;-
"260570 FLORESTA";-;-
"260640 GRAVATA";-;-
"260630 GRANITO";-;-
"260650 IATI";-;-
"260670 IBIRAJUBA";-;-
"260660 IBIMIRIM";-;-
"260590 GAMELEIRA";-;-
"260580 FREI MIGUELINHO";-;-
"260600 GARANHUNS";-;-
"260620 GOIANA";-;-
"260610 GLORIA DO GOITA";-;-
"260100 ANGELIM";-;-
"251390 SAO BENTO";-;-
"251385 SANTO ANDRE";-;-
"251392 SAO BENTINHO";-;-
"251396 SAO DOMINGOS";-;-
"251394 SAO DOMINGOS DO CARIRI";-;-
"251360 SANTANA DOS GARROTES";-;-
"251350 SANTANA DE MANGUEIRA";-;-
"251365 JOCA CLAUDINO";-;-
"251380 SANTA TERESINHA";-;-
"251370 SANTA RITA";-;-
"251398 SAO FRANCISCO";-;-
"251450 SAO JOSE DE PIRANHAS";-;-
"251445 SAO JOSE DOS RAMOS";-;-
"251455 SAO JOSE DE PRINCESA";-;-
"251465 SAO JOSE DO BREJO DO CRUZ";-;-
"251460 SAO JOSE DO BONFIM";-;-
"251410 SAO JOAO DO TIGRE";-;-
"251400 SAO JOAO DO CARIRI";-;-
"251420 SAO JOSE DA LAGOA TAPADA";-;-
"251440 SAO JOSE DE ESPINHARAS";-;-
"251430 SAO JOSE DE CAIANA";-;-
"251270 REMIGIO";-;-
"251260 QUIXABA";-;-
"251272 PEDRO REGIS";-;-
"251275 RIACHAO DO BACAMARTE";-;-
"251274 RIACHAO";-;-
"251220 PRATA";-;-
"251210 POMBAL";-;-
"251230 PRINCESA ISABEL";-;-
"251250 QUEIMADAS";-;-
"251240 PUXINANA";-;-
"251276 RIACHAO DO POCO";-;-
"251320 SANTA CRUZ";-;-
"251315 SANTA CECILIA";-;-
"251330 SANTA HELENA";-;-
"251340 SANTA LUZIA";-;-
"251335 SANTA INES";-;-
"251280 RIACHO DOS CAVALOS";-;-
"251278 RIACHO DE SANTO ANTONIO";-;-
"251290 RIO TINTO";-;-
"251310 SALGADO DE SAO FELIX";-;-
"251300 SALGADINHO";-;-
"251700 UMBUZEIRO";-;-
"251690 UIRAUNA";-;-
"251710 VARZEA";-;-
"251740 ZABELE";-;-
"251720 VIEIROPOLIS";-;-
"251660 TAVARES";-;-
"251650 TAPEROA";-;-
"251670 TEIXEIRA";-;-
"251680 TRIUNFO";-;-
"251675 TENORIO";-;-
" MUNICIPIO IGNORADO - PE";-;-
"260060 ALAGOINHA";-;-
"260050 AGUAS BELAS";-;-
"260070 ALIANCA";-;-
"260090 AMARAJI";-;-
"260080 ALTINHO";-;-
"260010 AFOGADOS DA INGAZEIRA";-;-
"260005 ABREU E LIMA";-;-
"260020 AFRANIO";-;-
"260040 AGUA PRETA";-;-
"260030 AGRESTINA";-;-
"251530 SAPE";-;-
"251520 SAO SEBASTIAO DO UMBUZEIRO";-;-
"251540 SAO VICENTE DO SERIDO";-;-
"251560 SERRA DA RAIZ";-;-
"251550 SERRA BRANCA";-;-
"251480 SAO JOSE DOS CORDEIROS";-;-
"251470 SAO JOSE DO SABUGI";-;-
"251490 SAO MAMEDE";-;-
"251510 SAO SEBASTIAO DE LAGOA DE ROCA";-;-
"251500 SAO MIGUEL DE TAIPU";-;-
"251570 SERRA GRANDE";-;-
"251615 SOSSEGO";-;-
"251610 SOLEDADE";-;-
"251620 SOUSA";-;-
"251640 TACIMA";-;-
"251630 SUME";-;-
"251590 SERRARIA";-;-
"251580 SERRA REDONDA";-;-
"251593 SERTAOZINHO";-;-
"251600 SOLANEA";-;-
"251597 SOBRADO";-;-
"260840 JUREMA";-;-
"270220 COQUEIRO SECO";-;-
"270210 COLONIA LEOPOLDINA";-;-
"270230 CORURIPE";-;-
"270240 DELMIRO GOUVEIA";-;-
"270235 CRAIBAS";-;-
"270170 CAPELA";-;-
"270160 CANAPI";-;-
"270180 CARNEIROS";-;-
"270200 COITE DO NOIA";-;-
"270190 CHA PRETA";-;-
"270250 DOIS RIACHOS";-;-
"270310 IGACI";-;-
"270300 IBATEGUARA";-;-
"270320 IGREJA NOVA";-;-
"270340 JACARE DOS HOMENS";-;-
"270330 INHAPI";-;-
"270260 FEIRA GRANDE";-;-
"270255 ESTRELA DE ALAGOAS";-;-
"270270 FELIZ DESERTO";-;-
"270290 GIRAU DO PONCIANO";-;-
"270280 FLEXEIRAS";-;-
"270020 ANADIA";-;-
"270010 AGUA BRANCA";-;-
"270030 ARAPIRACA";-;-
"270050 BARRA DE SANTO ANTONIO";-;-
"270040 ATALAIA";-;-
"261630 VICENCIA";-;-
"261620 VERTENTES";-;-
"261640 VITORIA DE SANTO ANTAO";-;-
" MUNICIPIO IGNORADO - AL";-;-
"261650 XEXEU";-;-
"270060 BARRA DE SAO MIGUEL";-;-
"270130 CAJUEIRO";-;-
"270120 CACIMBINHAS";-;-
"270135 CAMPESTRE";-;-
"270150 CAMPO GRANDE";-;-
"270140 CAMPO ALEGRE";-;-
"270080 BELEM";-;-
"270070 BATALHA";-;-
"270090 BELO MONTE";-;-
"270110 BRANQUINHA";-;-
"270100 BOCA DA MATA";-;-
"270610 OURO BRANCO";-;-
"270600 OLIVENCA";-;-
"270620 PALESTINA";-;-
"270640 PAO DE ACUCAR";-;-
"270630 PALMEIRA DOS INDIOS";-;-
"270560 NOVO LINO";-;-
"270550 MURICI";-;-
"270570 OLHO D'AGUA DAS FLORES";-;-
"270590 OLHO D'AGUA GRANDE";-;-
"270580 OLHO D'AGUA DO CASADO";-;-
"270642 PARICONHA";-;-
"270700 PINDOBA";-;-
"270690 PILAR";-;-
"270710 PIRANHAS";-;-
"270730 PORTO CALVO";-;-
"270720 POCO DAS TRINCHEIRAS";-;-
"270650 PASSO DE CAMARAGIBE";-;-
"270644 PARIPUEIRA";-;-
"270660 PAULO JACINTO";-;-
"270680 PIACABUCU";-;-
"270670 PENEDO";-;-
"270400 JUNQUEIRO";-;-
"270390 JUNDIA";-;-
"270410 LAGOA DA CANOA";-;-
"270430 MACEIO";-;-
"270420 LIMOEIRO DE ANADIA";-;-
"270360 JAPARATINGA";-;-
"270350 JACUIPE";-;-
"270370 JARAMATAIA";-;-
"270380 JOAQUIM GOMES";-;-
"270375 JEQUIA DA PRAIA";-;-
"270440 MAJOR ISIDORO";-;-
"270510 MATRIZ DE CAMARAGIBE";-;-
"270500 MATA GRANDE";-;-
"270520 MESSIAS";-;-
"270540 MONTEIROPOLIS";-;-
"270530 MINADOR DO NEGRAO";-;-
"270460 MARAVILHA";-;-
"270450 MARAGOGI";-;-
"270470 MARECHAL DEODORO";-;-
"270490 MAR VERMELHO";-;-
"270480 MARIBONDO";-;-
"261618 VERTENTE DO LERIO";-;-
"261090 PESQUEIRA";-;-
"261080 PEDRA";-;-
"261100 PETROLANDIA";-;-
"261120 POCAO";-;-
"261110 PETROLINA";-;-
"261040 PARNAMIRIM";-;-
"261030 PARANATAMA";-;-
"261050 PASSIRA";-;-
"261070 PAULISTA";-;-
"261060 PAUDALHO";-;-
"261130 POMBOS";-;-
"261190 RIO FORMOSO";-;-
"261180 RIBEIRAO";-;-
"261200 SAIRE";-;-
"261220 SALGUEIRO";-;-
"261210 SALGADINHO";-;-
"261150 QUIPAPA";-;-
"261140 PRIMAVERA";-;-
"261153 QUIXABA";-;-
"261170 RIACHO DAS ALMAS";-;-
"261160 RECIFE";-;-
"260890 LIMOEIRO";-;-
"260880 LAJEDO";-;-
"260900 MACAPARANA";-;-
"260915 MANARI";-;-
"260910 MACHADOS";-;-
"260850 LAGOA DE ITAENGA";-;-
"260845 LAGOA DO CARRO";-;-
"260860 LAGOA DO OURO";-;-
"260875 LAGOA GRANDE";-;-
"260870 LAGOA DOS GATOS";-;-
"260920 MARAIAL";-;-
"260990 OURICURI";-;-
"260980 OROCO";-;-
"261000 PALMARES";-;-
"261020 PANELAS";-;-
"261010 PALMEIRINA";-;-
"260940 MORENO";-;-
"260930 MIRANDIBA";-;-
"260950 NAZARE DA MATA";-;-
"260970 OROBO";-;-
"260960 OLINDA";-;-
"261470 TACAIMBO";-;-
"261460 TABIRA";-;-
"261480 TACARATU";-;-
"261500 TAQUARITINGA DO NORTE";-;-
"261485 TAMANDARE";-;-
"261420 SIRINHAEM";-;-
"261410 SERTANIA";-;-
"261430 MOREILANDIA";-;-
"261450 SURUBIM";-;-
"261440 SOLIDAO";-;-
"261510 TEREZINHA";-;-
"261580 TUPANATINGA";-;-
"261570 TRIUNFO";-;-
"261590 TUPARETAMA";-;-
"261610 VERDEJANTE";-;-
"261600 VENTUROSA";-;-
"261530 TIMBAUBA";-;-
"261520 TERRA NOVA";-;-
"261540 TORITAMA";-;-
"261560 TRINDADE";-;-
"261550 TRACUNHAEM";-;-
"261260 SANTA MARIA DA BOA VISTA";-;-
"261255 SANTA FILOMENA";-;-
"261270 SANTA MARIA DO CAMBUCA";-;-
"261290 SAO BENEDITO DO SUL";-;-
"261280 SANTA TEREZINHA";-;-
"261240 SANHARO";-;-
"261230 SALOA";-;-
"261245 SANTA CRUZ";-;-
"261250 SANTA CRUZ DO CAPIBARIBE";-;-
"261247 SANTA CRUZ DA BAIXA VERDE";-;-
"261300 SAO BENTO DO UNA";-;-
"261370 SAO LOURENCO DA MATA";-;-
"261360 SAO JOSE DO EGITO";-;-
"261380 SAO VICENTE FERRER";-;-
"261400 SERRITA";-;-
"261390 SERRA TALHADA";-;-
"261320 SAO JOAO";-;-
"261310 SAO CAITANO";-;-
"261330 SAO JOAQUIM DO MONTE";-;-
"261350 SAO JOSE DO BELMONTE";-;-
"261340 SAO JOSE DA COROA GRANDE";-;-
"291995 MAETINGA";-;-
"312620 FORMOSO";-;-
"312610 FORMIGA";-;-
"312630 FORTALEZA DE MINAS";-;-
"312650 FRANCISCO BADARO";-;-
"312640 FORTUNA DE MINAS";-;-
"312580 FERNANDES TOURINHO";-;-
"312570 FELIXLANDIA";-;-
"312590 FERROS";-;-
"312600 FLORESTAL";-;-
"312595 FERVEDOURO";-;-
"312660 FRANCISCO DUMONT";-;-
"312705 FRONTEIRA DOS VALES";-;-
"312700 FRONTEIRA";-;-
"312707 FRUTA DE LEITE";-;-
"312720 FUNILANDIA";-;-
"312710 FRUTAL";-;-
"312675 FRANCISCOPOLIS";-;-
"312670 FRANCISCO SA";-;-
"312680 FREI GASPAR";-;-
"312695 FREI LAGONEGRO";-;-
"312690 FREI INOCENCIO";-;-
"312560 FELISBURGO";-;-
"312410 ESMERALDAS";-;-
"312400 ERVALIA";-;-
"312420 ESPERA FELIZ";-;-
"312440 ESPIRITO SANTO DO DOURADO";-;-
"312430 ESPINOSA";-;-
"312370 ENGENHEIRO CALDAS";-;-
"312360 ELOI MENDES";-;-
"312380 ENGENHEIRO NAVARRO";-;-
"312390 ENTRE RIOS DE MINAS";-;-
"312385 ENTRE FOLHAS";-;-
"312450 ESTIVA";-;-
"312520 FAMA";-;-
"312510 EXTREMA";-;-
"312530 FARIA LEMOS";-;-
"312550 SAO GONCALO DO RIO PRETO";-;-
"312540 FELICIO DOS SANTOS";-;-
"312470 ESTRELA DO INDAIA";-;-
"312460 ESTRELA DALVA";-;-
"312480 ESTRELA DO SUL";-;-
"312500 EWBANK DA CAMARA";-;-
"312490 EUGENOPOLIS";-;-
"312730 GALILEIA";-;-
"312965 IBIRACATU";-;-
"312960 IBIAI";-;-
"312970 IBIRACI";-;-
"312990 IBITIURA DE MINAS";-;-
"312980 IBIRITE";-;-
"312920 HELIODORA";-;-
"312910 GURINHATA";-;-
"312930 IAPU";-;-
"312950 IBIA";-;-
"312940 IBERTIOGA";-;-
"313000 IBITURUNA";-;-
"313055 IMBE DE MINAS";-;-
"313050 ILICINEA";-;-
"313060 INCONFIDENTES";-;-
"313070 INDIANOPOLIS";-;-
"313065 INDAIABIRA";-;-
"313010 IGARAPE";-;-
"313005 ICARAI DE MINAS";-;-
"313020 IGARATINGA";-;-
"313040 IJACI";-;-
"313030 IGUATAMA";-;-
"312900 GUIRICEMA";-;-
"312760 GOUVEIA";-;-
"312750 GONZAGA";-;-
"312770 GOVERNADOR VALADARES";-;-
"312790 GRUPIARA";-;-
"312780 GRAO MOGOL";-;-
"312735 GLAUCILANDIA";-;-
"312733 GAMELEIRAS";-;-
"312737 GOIABEIRA";-;-
"312740 GONCALVES";-;-
"312738 GOIANA";-;-
"312800 GUANHAES";-;-
"312860 GUARDA-MOR";-;-
"312850 GUARARA";-;-
"312870 GUAXUPE";-;-
"312890 GUIMARANIA";-;-
"312880 GUIDOVAL";-;-
"312820 GUARACIABA";-;-
"312810 GUAPE";-;-
"312825 GUARACIAMA";-;-
"312840 GUARANI";-;-
"312830 GUARANESIA";-;-
"312352 DURANDE";-;-
"311850 CONSOLACAO";-;-
"311840 CONSELHEIRO PENA";-;-
"311860 CONTAGEM";-;-
"311880 CORACAO DE JESUS";-;-
"311870 COQUEIRAL";-;-
"311800 CONGONHAS";-;-
"311790 CONGONHAL";-;-
"311810 CONGONHAS DO NORTE";-;-
"311830 CONSELHEIRO LAFAIETE";-;-
"311820 CONQUISTA";-;-
"311890 CORDISBURGO";-;-
"311960 CORONEL PACHECO";-;-
"311950 CORONEL MURTA";-;-
"311970 CORONEL XAVIER CHAVES";-;-
"311990 CORREGO DO BOM JESUS";-;-
"311980 CORREGO DANTA";-;-
"311910 CORINTO";-;-
"311900 CORDISLANDIA";-;-
"311920 COROACI";-;-
"311940 CORONEL FABRICIANO";-;-
"311930 COROMANDEL";-;-
"311787 CONFINS";-;-
"311650 CLARO DOS POCOES";-;-
"311640 CLARAVAL";-;-
"311660 CLAUDIO";-;-
"311680 COLUNA";-;-
"311670 COIMBRA";-;-
"311610 CHAPADA DO NORTE";-;-
"311600 CHALE";-;-
"311615 CHAPADA GAUCHA";-;-
"311630 CIPOTANEA";-;-
"311620 CHIADOR";-;-
"311690 COMENDADOR GOMES";-;-
"311760 CONCEICAO DO PARA";-;-
"311750 CONCEICAO DO MATO DENTRO";-;-
"311770 CONCEICAO DO RIO VERDE";-;-
"311783 CONEGO MARINHO";-;-
"311780 CONCEICAO DOS OUROS";-;-
"311710 CONCEICAO DA APARECIDA";-;-
"311700 COMERCINHO";-;-
"311720 CONCEICAO DAS PEDRAS";-;-
"311740 CONCEICAO DE IPANEMA";-;-
"311730 CONCEICAO DAS ALAGOAS";-;-
"311995 CORREGO FUNDO";-;-
"312235 DIVISA ALEGRE";-;-
"312230 DIVINOPOLIS";-;-
"312240 DIVISA NOVA";-;-
"312247 DOM BOSCO";-;-
"312245 DIVISOPOLIS";-;-
"312190 DIVINESIA";-;-
"312180 DIONISIO";-;-
"312200 DIVINO";-;-
"312220 DIVINOLANDIA DE MINAS";-;-
"312210 DIVINO DAS LARANJEIRAS";-;-
"312250 DOM CAVATI";-;-
"312320 DORES DO INDAIA";-;-
"312310 DORES DE GUANHAES";-;-
"312330 DORES DO TURVO";-;-
"312350 DOURADOQUARA";-;-
"312340 DORESOPOLIS";-;-
"312270 DOM SILVERIO";-;-
"312260 DOM JOAQUIM";-;-
"312280 DOM VICOSO";-;-
"312300 DORES DE CAMPOS";-;-
"312290 DONA EUSEBIA";-;-
"312170 DIOGO DE VASCONCELOS";-;-
"312050 CRISTINA";-;-
"312040 CRISTIANO OTONI";-;-
"312060 CRUCILANDIA";-;-
"312080 CRUZILIA";-;-
"312070 CRUZEIRO DA FORTALEZA";-;-
"312010 COUTO DE MAGALHAES DE MINAS";-;-
"312000 CORREGO NOVO";-;-
"312015 CRISOLITA";-;-
"312030 CRISTALIA";-;-
"312020 CRISTAIS";-;-
"312083 CUPARAQUE";-;-
"312130 DESCOBERTO";-;-
"312125 DELTA";-;-
"312140 DESTERRO DE ENTRE RIOS";-;-
"312160 DIAMANTINA";-;-
"312150 DESTERRO DO MELO";-;-
"312090 CURVELO";-;-
"312087 CURRAL DE DENTRO";-;-
"312100 DATAS";-;-
"312120 DELFINOPOLIS";-;-
"312110 DELFIM MOREIRA";-;-
"313080 INGAI";-;-
"314053 MARTINS SOARES";-;-
"314050 MARTINHO CAMPOS";-;-
"314055 MATA VERDE";-;-
"314070 MATEUS LEME";-;-
"314060 MATERLANDIA";-;-
"314015 MARIO CAMPOS";-;-
"314010 MARILAC";-;-
"314020 MARIPA DE MINAS";-;-
"314040 MARMELOPOLIS";-;-
"314030 MARLIERIA";-;-
"314080 MATIAS BARBOSA";-;-
"314140 MEDINA";-;-
"314130 MEDEIROS";-;-
"314150 MENDES PIMENTEL";-;-
"314170 MESQUITA";-;-
"314160 MERCES";-;-
"314090 MATIPO";-;-
"314085 MATIAS CARDOSO";-;-
"314100 MATO VERDE";-;-
"314120 MATUTINA";-;-
"314110 MATOZINHOS";-;-
"314000 MARIANA";-;-
"313868 LUISLANDIA";-;-
"313867 LUISBURGO";-;-
"313870 LUMINARIAS";-;-
"313890 MACHACALIS";-;-
"313880 LUZ";-;-
"313850 LIBERDADE";-;-
"313840 LEOPOLDINA";-;-
"313860 LIMA DUARTE";-;-
"313865 LONTRA";-;-
"313862 LIMEIRA DO OESTE";-;-
"313900 MACHADO";-;-
"313960 MANTENA";-;-
"313950 MANHUMIRIM";-;-
"313970 MARAVILHAS";-;-
"313990 MARIA DA FE";-;-
"313980 MAR DE ESPANHA";-;-
"313920 MALACACHETA";-;-
"313910 MADRE DE DEUS DE MINAS";-;-
"313925 MAMONAS";-;-
"313940 MANHUACU";-;-
"313930 MANGA";-;-
"314180 MINAS NOVAS";-;-
"314435 NAQUE";-;-
"314430 NANUQUE";-;-
"314437 NATALANDIA";-;-
"314450 NAZARENO";-;-
"314440 NATERCIA";-;-
"314390 MURIAE";-;-
"314380 MUNHOZ";-;-
"314400 MUTUM";-;-
"314420 NACIP RAYDAN";-;-
"314410 MUZAMBINHO";-;-
"314460 NEPOMUCENO";-;-
"314505 NOVA PORTEIRINHA";-;-
"314500 NOVA PONTE";-;-
"314510 NOVA RESENDE";-;-
"314530 NOVO CRUZEIRO";-;-
"314520 NOVA SERRANA";-;-
"314467 NOVA BELEM";-;-
"314465 NINHEIRA";-;-
"314470 NOVA ERA";-;-
"314490 NOVA MODICA";-;-
"314480 NOVA LIMA";-;-
"314370 MORRO DO PILAR";-;-
"314240 MOEMA";-;-
"314230 MOEDA";-;-
"314250 MONJOLOS";-;-
"314270 MONTALVANIA";-;-
"314260 MONSENHOR PAULO";-;-
"314200 MIRABELA";-;-
"314190 MINDURI";-;-
"314210 MIRADOURO";-;-
"314225 MIRAVANIA";-;-
"314220 MIRAI";-;-
"314280 MONTE ALEGRE DE MINAS";-;-
"314340 MONTE SIAO";-;-
"314330 MONTES CLAROS";-;-
"314345 MONTEZUMA";-;-
"314360 MORRO DA GARCA";-;-
"314350 MORADA NOVA DE MINAS";-;-
"314300 MONTE BELO";-;-
"314290 MONTE AZUL";-;-
"314310 MONTE CARMELO";-;-
"314320 MONTE SANTO DE MINAS";-;-
"314315 MONTE FORMOSO";-;-
"313835 LEME DO PRADO";-;-
"313360 ITAPEVA";-;-
"313350 ITAPECERICA";-;-
"313370 ITATIAIUCU";-;-
"313380 ITAUNA";-;-
"313375 ITAU DE MINAS";-;-
"313310 ITANHANDU";-;-
"313300 ITAMONTE";-;-
"313320 ITANHOMI";-;-
"313340 ITAPAGIPE";-;-
"313330 ITAOBIM";-;-
"313390 ITAVERAVA";-;-
"313460 JABOTICATUBAS";-;-
"313450 ITUTINGA";-;-
"313470 JACINTO";-;-
"313490 JACUTINGA";-;-
"313480 JACUI";-;-
"313410 ITUETA";-;-
"313400 ITINGA";-;-
"313420 ITUIUTABA";-;-
"313440 ITURAMA";-;-
"313430 ITUMIRIM";-;-
"313290 ITAMOGI";-;-
"313140 IPIACU";-;-
"313130 IPATINGA";-;-
"313150 IPUIUNA";-;-
"313170 ITABIRA";-;-
"313160 IRAI DE MINAS";-;-
"313100 INHAUMA";-;-
"313090 INHAPIM";-;-
"313110 INIMUTABA";-;-
"313120 IPANEMA";-;-
"313115 IPABA";-;-
"313180 ITABIRINHA";-;-
"313250 ITAMARANDIBA";-;-
"313240 ITAJUBA";-;-
"313260 ITAMARATI DE MINAS";-;-
"313280 ITAMBE DO MATO DENTRO";-;-
"313270 ITAMBACURI";-;-
"313200 ITACAMBIRA";-;-
"313190 ITABIRITO";-;-
"313210 ITACARAMBI";-;-
"313230 ITAIPE";-;-
"313220 ITAGUARA";-;-
"313500 JAGUARACU";-;-
"313700 LADAINHA";-;-
"313695 JUVENILIA";-;-
"313710 LAGAMAR";-;-
"313730 LAGOA DOS PATOS";-;-
"313720 LAGOA DA PRATA";-;-
"313665 JUATUBA";-;-
"313660 NOVA UNIAO";-;-
"313670 JUIZ DE FORA";-;-
"313690 JURUAIA";-;-
"313680 JURAMENTO";-;-
"313740 LAGOA DOURADA";-;-
"313800 LARANJAL";-;-
"313790 LAMIM";-;-
"313810 LASSANCE";-;-
"313830 LEANDRO FERREIRA";-;-
"313820 LAVRAS";-;-
"313753 LAGOA GRANDE";-;-
"313750 LAGOA FORMOSA";-;-
"313760 LAGOA SANTA";-;-
"313780 LAMBARI";-;-
"313770 LAJINHA";-;-
"313657 JOSENOPOLIS";-;-
"313540 JECEABA";-;-
"313535 JAPONVAR";-;-
"313545 JENIPAPO DE MINAS";-;-
"313560 JEQUITAI";-;-
"313550 JEQUERI";-;-
"313507 JAMPRUCA";-;-
"313505 JAIBA";-;-
"313510 JANAUBA";-;-
"313530 JAPARAIBA";-;-
"313520 JANUARIA";-;-
"313570 JEQUITIBA";-;-
"313640 JOAQUIM FELICIO";-;-
"313630 JOAO PINHEIRO";-;-
"313650 JORDANIA";-;-
"313655 JOSE RAYDAN";-;-
"313652 JOSE GONCALVES DE MINAS";-;-
"313590 JESUANIA";-;-
"313580 JEQUITINHONHA";-;-
"313600 JOAIMA";-;-
"313620 JOAO MONLEVADE";-;-
"313610 JOANESIA";-;-
"311590 CHACARA";-;-
"292925 SAO GABRIEL";-;-
"292920 SAO FRANCISCO DO CONDE";-;-
"292930 SAO GONCALO DOS CAMPOS";-;-
"292937 SAO JOSE DO JACUIPE";-;-
"292935 SAO JOSE DA VITORIA";-;-
"292895 SAO DOMINGOS";-;-
"292890 SAO DESIDERIO";-;-
"292900 SAO FELIX";-;-
"292910 SAO FELIPE";-;-
"292905 SAO FELIX DO CORIBE";-;-
"292940 SAO MIGUEL DAS MATAS";-;-
"293000 SEBASTIAO LARANJEIRAS";-;-
"292990 SEABRA";-;-
"293010 SENHOR DO BONFIM";-;-
"293020 SENTO SE";-;-
"293015 SERRA DO RAMALHO";-;-
"292960 SAPEACU";-;-
"292950 SAO SEBASTIAO DO PASSE";-;-
"292970 SATIRO DIAS";-;-
"292980 SAUDE";-;-
"292975 SAUBARA";-;-
"292880 SANTO ESTEVAO";-;-
"292740 SALVADOR";-;-
"292730 SALINAS DA MARGARIDA";-;-
"292750 SANTA BARBARA";-;-
"292770 SANTA CRUZ CABRALIA";-;-
"292760 SANTA BRIGIDA";-;-
"292690 RIO DO PIRES";-;-
"292680 RIO DO ANTONIO";-;-
"292700 RIO REAL";-;-
"292720 RUY BARBOSA";-;-
"292710 RODELAS";-;-
"292780 SANTA CRUZ DA VITORIA";-;-
"292840 SANTA RITA DE CASSIA";-;-
"292830 SANTANOPOLIS";-;-
"292850 SANTA TEREZINHA";-;-
"292870 SANTO ANTONIO DE JESUS";-;-
"292860 SANTO AMARO";-;-
"292800 SANTALUZ";-;-
"292790 SANTA INES";-;-
"292805 SANTA LUZIA";-;-
"292820 SANTANA";-;-
"292810 SANTA MARIA DA VITORIA";-;-
"293030 SERRA DOURADA";-;-
"293260 URANDI";-;-
"293250 UNA";-;-
"293270 URUCUCA";-;-
"293290 VALENCA";-;-
"293280 UTINGA";-;-
"293220 UBAITABA";-;-
"293210 UBAIRA";-;-
"293230 UBATA";-;-
"293245 UMBURANAS";-;-
"293240 UIBAI";-;-
"293300 VALENTE";-;-
"293330 VITORIA DA CONQUISTA";-;-
"293325 VEREDA";-;-
"293340 WAGNER";-;-
"293350 WENCESLAU GUIMARAES";-;-
"293345 WANDERLEY";-;-
"293310 VARZEA DO POCO";-;-
"293305 VARZEA DA ROCA";-;-
"293315 VARZEA NOVA";-;-
"293320 VERA CRUZ";-;-
"293317 VARZEDO";-;-
"293200 UAUA";-;-
"293077 SOBRADINHO";-;-
"293076 SITIO DO QUINTO";-;-
"293080 SOUTO SOARES";-;-
"293100 TANHACU";-;-
"293090 TABOCAS DO BREJO VELHO";-;-
"293050 SERRINHA";-;-
"293040 SERRA PRETA";-;-
"293060 SERROLANDIA";-;-
"293075 SITIO DO MATO";-;-
"293070 SIMOES FILHO";-;-
"293105 TANQUE NOVO";-;-
"293160 TEOLANDIA";-;-
"293150 TEOFILANDIA";-;-
"293170 TERRA NOVA";-;-
"293190 TUCANO";-;-
"293180 TREMEDAL";-;-
"293120 TAPEROA";-;-
"293110 TANQUINHO";-;-
"293130 TAPIRAMUTA";-;-
"293140 TEODORO SAMPAIO";-;-
"293135 TEIXEIRA DE FREITAS";-;-
"292670 RIO DE CONTAS";-;-
"292230 MURITIBA";-;-
"292225 MUQUEM DE SAO FRANCISCO";-;-
"292240 MUTUIPE";-;-
"292260 NILO PECANHA";-;-
"292250 NAZARE";-;-
"292200 MUCURI";-;-
"292190 MUCUGE";-;-
"292205 MULUNGU DO MORRO";-;-
"292220 MUNIZ FERREIRA";-;-
"292210 MUNDO NOVO";-;-
"292265 NORDESTINA";-;-
"292300 NOVA VICOSA";-;-
"292290 NOVA SOURE";-;-
"292303 NOVO HORIZONTE";-;-
"292310 OLINDINA";-;-
"292305 NOVO TRIUNFO";-;-
"292273 NOVA FATIMA";-;-
"292270 NOVA CANAA";-;-
"292275 NOVA IBIA";-;-
"292285 NOVA REDENCAO";-;-
"292280 NOVA ITARANA";-;-
"292180 MORTUGABA";-;-
"292050 MARACAS";-;-
"292045 MANSIDAO";-;-
"292060 MARAGOGIPE";-;-
"292080 MARCIONILIO SOUZA";-;-
"292070 MARAU";-;-
"292010 MAIRI";-;-
"292000 MAIQUINIQUE";-;-
"292020 MALHADA";-;-
"292040 MANOEL VITORINO";-;-
"292030 MALHADA DE PEDRAS";-;-
"292090 MASCOTE";-;-
"292145 MIRANTE";-;-
"292140 MIRANGABA";-;-
"292150 MONTE SANTO";-;-
"292170 MORRO DO CHAPEU";-;-
"292160 MORPARA";-;-
"292105 MATINA";-;-
"292100 MATA DE SAO JOAO";-;-
"292110 MEDEIROS NETO";-;-
"292130 MILAGRES";-;-
"292120 MIGUEL CALMON";-;-
"292320 OLIVEIRA DOS BREJINHOS";-;-
"292560 PRESIDENTE DUTRA";-;-
"292550 PRADO";-;-
"292570 PRESIDENTE JANIO QUADROS";-;-
"292580 QUEIMADAS";-;-
"292575 PRESIDENTE TANCREDO NEVES";-;-
"292520 POJUCA";-;-
"292510 POCOES";-;-
"292525 PONTO NOVO";-;-
"292540 POTIRAGUA";-;-
"292530 PORTO SEGURO";-;-
"292590 QUIJINGUE";-;-
"292640 RIACHO DE SANTANA";-;-
"292630 RIACHAO DO JACUIPE";-;-
"292650 RIBEIRA DO AMPARO";-;-
"292665 RIBEIRAO DO LARGO";-;-
"292660 RIBEIRA DO POMBAL";-;-
"292595 RAFAEL JAMBEIRO";-;-
"292593 QUIXABEIRA";-;-
"292600 REMANSO";-;-
"292620 RIACHAO DAS NEVES";-;-
"292610 RETIROLANDIA";-;-
"292500 PLANALTO";-;-
"292380 PARIPIRANGA";-;-
"292370 PARATINGA";-;-
"292390 PAU BRASIL";-;-
"292405 PE DE SERRA";-;-
"292400 PAULO AFONSO";-;-
"292335 OUROLANDIA";-;-
"292330 OURICANGAS";-;-
"292340 PALMAS DE MONTE ALTO";-;-
"292360 PARAMIRIM";-;-
"292350 PALMEIRAS";-;-
"292410 PEDRAO";-;-
"292467 PIRAI DO NORTE";-;-
"292465 PINTADAS";-;-
"292470 PIRIPA";-;-
"292490 PLANALTINO";-;-
"292480 PIRITIBA";-;-
"292430 PIATA";-;-
"292420 PEDRO ALEXANDRE";-;-
"292440 PILAO ARCADO";-;-
"292460 PINDOBACU";-;-
"292450 PINDAI";-;-
"293360 XIQUE-XIQUE";-;-
"311070 CAMBUQUIRA";-;-
"311060 CAMBUI";-;-
"311080 CAMPANARIO";-;-
"311100 CAMPESTRE";-;-
"311090 CAMPANHA";-;-
"311020 CAJURI";-;-
"311010 CAIANA";-;-
"311030 CALDAS";-;-
"311050 CAMANDUCAIA";-;-
"311040 CAMACHO";-;-
"311110 CAMPINA VERDE";-;-
"311170 CANAA";-;-
"311160 CAMPOS GERAIS";-;-
"311180 CANAPOLIS";-;-
"311200 CANDEIAS";-;-
"311190 CANA VERDE";-;-
"311120 CAMPO BELO";-;-
"311115 CAMPO AZUL";-;-
"311130 CAMPO DO MEIO";-;-
"311150 CAMPOS ALTOS";-;-
"311140 CAMPO FLORIDO";-;-
"311000 CAETE";-;-
"310870 BRAS PIRES";-;-
"310860 BRASILIA DE MINAS";-;-
"310880 BRAUNAS";-;-
"310900 BRUMADINHO";-;-
"310890 BRAZOPOLIS";-;-
"310830 BORDA DA MATA";-;-
"310825 BONITO DE MINAS";-;-
"310840 BOTELHOS";-;-
"310855 BRASILANDIA DE MINAS";-;-
"310850 BOTUMIRIM";-;-
"310910 BUENO BRANDAO";-;-
"310960 CACHOEIRA DA PRATA";-;-
"310950 CABO VERDE";-;-
"310970 CACHOEIRA DE MINAS";-;-
"310990 CAETANOPOLIS";-;-
"310980 CACHOEIRA DOURADA";-;-
"310925 BUGRE";-;-
"310920 BUENOPOLIS";-;-
"310930 BURITIS";-;-
"310945 CABECEIRA GRANDE";-;-
"310940 BURITIZEIRO";-;-
"311205 CANTAGALO";-;-
"311470 CARVALHOPOLIS";-;-
"311460 CARRANCAS";-;-
"311480 CARVALHOS";-;-
"311500 CASCALHO RICO";-;-
"311490 CASA GRANDE";-;-
"311430 CARMO DO PARANAIBA";-;-
"311420 CARMO DO CAJURU";-;-
"311440 CARMO DO RIO CLARO";-;-
"311455 CARNEIRINHO";-;-
"311450 CARMOPOLIS DE MINAS";-;-
"311510 CASSIA";-;-
"311550 CAXAMBU";-;-
"311547 CATUTI";-;-
"311560 CEDRO DO ABAETE";-;-
"311580 CENTRALINA";-;-
"311570 CENTRAL DE MINAS";-;-
"311530 CATAGUASES";-;-
"311520 CONCEICAO DA BARRA DE MINAS";-;-
"311535 CATAS ALTAS";-;-
"311545 CATUJI";-;-
"311540 CATAS ALTAS DA NORUEGA";-;-
"311410 CARMO DE MINAS";-;-
"311265 CAPITAO ANDRADE";-;-
"311260 CAPINOPOLIS";-;-
"311270 CAPITAO ENEAS";-;-
"311290 CAPUTIRA";-;-
"311280 CAPITOLIO";-;-
"311220 CAPELA NOVA";-;-
"311210 CAPARAO";-;-
"311230 CAPELINHA";-;-
"311250 CAPIM BRANCO";-;-
"311240 CAPETINGA";-;-
"311300 CARAI";-;-
"311370 CARLOS CHAGAS";-;-
"311360 CAREACU";-;-
"311380 CARMESIA";-;-
"311400 CARMO DA MATA";-;-
"311390 CARMO DA CACHOEIRA";-;-
"311320 CARANDAI";-;-
"311310 CARANAIBA";-;-
"311330 CARANGOLA";-;-
"311350 CARBONITA";-;-
"311340 CARATINGA";-;-
"310820 BONFINOPOLIS DE MINAS";-;-
"310260 ANDRADAS";-;-
"310250 AMPARO DO SERRA";-;-
"310270 CACHOEIRA DE PAJEU";-;-
"310285 ANGELANDIA";-;-
"310280 ANDRELANDIA";-;-
"310210 ALTO RIO DOCE";-;-
"310205 ALTO CAPARAO";-;-
"310220 ALVARENGA";-;-
"310240 ALVORADA DE MINAS";-;-
"310230 ALVINOPOLIS";-;-
"310290 ANTONIO CARLOS";-;-
"310360 ARANTINA";-;-
"310350 ARAGUARI";-;-
"310370 ARAPONGA";-;-
"310380 ARAPUA";-;-
"310375 ARAPORA";-;-
"310310 ANTONIO PRADO DE MINAS";-;-
"310300 ANTONIO DIAS";-;-
"310320 ARACAI";-;-
"310340 ARACUAI";-;-
"310330 ARACITABA";-;-
"310200 ALTEROSA";-;-
"310060 AGUA BOA";-;-
"310050 ACUCENA";-;-
"310070 AGUA COMPRIDA";-;-
"310090 AGUAS FORMOSAS";-;-
"310080 AGUANIL";-;-
"310010 ABADIA DOS DOURADOS";-;-
" MUNICIPIO IGNORADO - MG";-;-
"310020 ABAETE";-;-
"310040 ACAIACA";-;-
"310030 ABRE CAMPO";-;-
"310100 AGUAS VERMELHAS";-;-
"310163 ALFREDO VASCONCELOS";-;-
"310160 ALFENAS";-;-
"310170 ALMENARA";-;-
"310190 ALPINOPOLIS";-;-
"310180 ALPERCATA";-;-
"310120 AIURUOCA";-;-
"310110 AIMORES";-;-
"310130 ALAGOA";-;-
"310150 ALEM PARAIBA";-;-
"310140 ALBERTINA";-;-
"310390 ARAUJOS";-;-
"310670 BETIM";-;-
"310665 BERIZAL";-;-
"310680 BIAS FORTES";-;-
"310700 BIQUINHAS";-;-
"310690 BICAS";-;-
"310630 BELO ORIENTE";-;-
"310620 BELO HORIZONTE";-;-
"310640 BELO VALE";-;-
"310660 BERTOPOLIS";-;-
"310650 BERILO";-;-
"310710 BOA ESPERANCA";-;-
"310780 BOM JESUS DO GALHO";-;-
"310770 BOM JESUS DO AMPARO";-;-
"310790 BOM REPOUSO";-;-
"310810 BONFIM";-;-
"310800 BOM SUCESSO";-;-
"310730 BOCAIUVA";-;-
"310720 BOCAINA DE MINAS";-;-
"310740 BOM DESPACHO";-;-
"310760 BOM JESUS DA PENHA";-;-
"310750 BOM JARDIM DE MINAS";-;-
"310610 BELMIRO BRAGA";-;-
"310450 ARINOS";-;-
"310445 ARICANDUVA";-;-
"310460 ASTOLFO DUTRA";-;-
"310480 AUGUSTO DE LIMA";-;-
"310470 ATALEIA";-;-
"310410 ARCEBURGO";-;-
"310400 ARAXA";-;-
"310420 ARCOS";-;-
"310440 ARGIRITA";-;-
"310430 AREADO";-;-
"310490 BAEPENDI";-;-
"310560 BARBACENA";-;-
"310550 BARAO DE MONTE ALTO";-;-
"310570 BARRA LONGA";-;-
"310600 BELA VISTA DE MINAS";-;-
"310590 BARROSO";-;-
"310510 BAMBUI";-;-
"310500 BALDIM";-;-
"310520 BANDEIRA";-;-
"310540 BARAO DE COCAIS";-;-
"310530 BANDEIRA DO SUL";-;-
"251207 POCO DE JOSE DE MOURA";-;-
"210055 AMAPA DO MARANHAO";-;-
"210050 ALTO PARNAIBA";-;-
"210060 AMARANTE DO MARANHAO";-;-
"210080 ANAPURUS";-;-
"210070 ANAJATUBA";-;-
"210030 ALDEIAS ALTAS";-;-
"210020 ALCANTARA";-;-
"210040 ALTAMIRA DO MARANHAO";-;-
"210047 ALTO ALEGRE DO PINDARE";-;-
"210043 ALTO ALEGRE DO MARANHAO";-;-
"210083 APICUM-ACU";-;-
"210125 BACABEIRA";-;-
"210120 BACABAL";-;-
"210130 BACURI";-;-
"210140 BALSAS";-;-
"210135 BACURITUBA";-;-
"210090 ARAIOSES";-;-
"210087 ARAGUANA";-;-
"210095 ARAME";-;-
"210110 AXIXA";-;-
"210100 ARARI";-;-
"210015 AGUA DOCE DO MARANHAO";-;-
"172080 SITIO NOVO DO TOCANTINS";-;-
"172065 SILVANOPOLIS";-;-
"172085 SUCUPIRA";-;-
"172093 TAIPAS DO TOCANTINS";-;-
"172090 TAGUATINGA";-;-
"172020 SAO MIGUEL DO TOCANTINS";-;-
"172015 SAO FELIX DO TOCANTINS";-;-
"172025 SAO SALVADOR DO TOCANTINS";-;-
"172049 SAO VALERIO";-;-
"172030 SAO SEBASTIAO DO TOCANTINS";-;-
"172097 TALISMA";-;-
"172210 XAMBIOA";-;-
"172208 WANDERLANDIA";-;-
" MUNICIPIO IGNORADO - MA";-;-
"210010 AFONSO CUNHA";-;-
"210005 ACAILANDIA";-;-
"172110 TOCANTINIA";-;-
"172100 PALMAS";-;-
"172120 TOCANTINOPOLIS";-;-
"172130 TUPIRATINS";-;-
"172125 TUPIRAMA";-;-
"210150 BARAO DE GRAJAU";-;-
"210312 CENTRAL DO MARANHAO";-;-
"210310 CEDRAL";-;-
"210315 CENTRO DO GUILHERME";-;-
"210320 CHAPADINHA";-;-
"210317 CENTRO NOVO DO MARANHAO";-;-
"210275 CAPINZAL DO NORTE";-;-
"210270 CANTANHEDE";-;-
"210280 CAROLINA";-;-
"210300 CAXIAS";-;-
"210290 CARUTAPERA";-;-
"210325 CIDELANDIA";-;-
"210375 DAVINOPOLIS";-;-
"210370 CURURUPU";-;-
"210380 DOM PEDRO";-;-
"210400 ESPERANTINOPOLIS";-;-
"210390 DUQUE BACELAR";-;-
"210340 COELHO NETO";-;-
"210330 CODO";-;-
"210350 COLINAS";-;-
"210360 COROATA";-;-
"210355 CONCEICAO DO LAGO-ACU";-;-
"210260 CANDIDO MENDES";-;-
"210193 BERNARDO DO MEARIM";-;-
"210190 BEQUIMAO";-;-
"210197 BOA VISTA DO GURUPI";-;-
"210203 BOM JESUS DAS SELVAS";-;-
"210200 BOM JARDIM";-;-
"210170 BARREIRINHAS";-;-
"210160 BARRA DO CORDA";-;-
"210173 BELAGUA";-;-
"210180 BENEDITO LEITE";-;-
"210177 BELA VISTA DO MARANHAO";-;-
"210207 BOM LUGAR";-;-
"210237 CACHOEIRA GRANDE";-;-
"210235 BURITIRANA";-;-
"210240 CAJAPIO";-;-
"210255 CAMPESTRE DO MARANHAO";-;-
"210250 CAJARI";-;-
"210215 BREJO DE AREIA";-;-
"210210 BREJO";-;-
"210220 BURITI";-;-
"210232 BURITICUPU";-;-
"210230 BURITI BRAVO";-;-
"172010 SAO BENTO DO TOCANTINS";-;-
"171090 ITAPIRATINS";-;-
"171070 ITAGUATINS";-;-
"171110 ITAPORA DO TOCANTINS";-;-
"171180 JUARINA";-;-
"171150 JAU DO TOCANTINS";-;-
"170930 GUARAI";-;-
"170900 GOIATINS";-;-
"170950 GURUPI";-;-
"171050 ITACAJA";-;-
"170980 IPUEIRAS";-;-
"171190 LAGOA DA CONFUSAO";-;-
"171270 MATEIROS";-;-
"171250 MARIANOPOLIS DO TOCANTINS";-;-
"171280 MAURILANDIA DO TOCANTINS";-;-
"171330 MIRANORTE";-;-
"171320 MIRACEMA DO TOCANTINS";-;-
"171200 LAJEADO";-;-
"171195 LAGOA DO TOCANTINS";-;-
"171215 LAVANDEIRA";-;-
"171245 LUZINOPOLIS";-;-
"171240 LIZARDA";-;-
"170830 GOIANORTE";-;-
"170560 CONCEICAO DO TOCANTINS";-;-
"170555 COMBINADO";-;-
"170600 COUTO MAGALHAES";-;-
"170625 CRIXAS DO TOCANTINS";-;-
"170610 CRISTALANDIA";-;-
"170410 CENTENARIO";-;-
"170390 CASEARA";-;-
"170460 CHAPADA DE AREIA";-;-
"170550 COLINAS DO TOCANTINS";-;-
"170510 CHAPADA DA NATIVIDADE";-;-
"170650 DARCINOPOLIS";-;-
"170765 FIGUEIROPOLIS";-;-
"170755 FATIMA";-;-
"170770 FILADELFIA";-;-
"170825 TABOCAO";-;-
"170820 FORMOSO DO ARAGUAIA";-;-
"170710 DIVINOPOLIS DO TOCANTINS";-;-
"170700 DIANOPOLIS";-;-
"170720 DOIS IRMAOS DO TOCANTINS";-;-
"170740 ESPERANTINA";-;-
"170730 DUERE";-;-
"171360 MONTE DO CARMO";-;-
"171840 PRESIDENTE KENNEDY";-;-
"171830 PRAIA NORTE";-;-
"171845 PUGMIL";-;-
"171855 RIACHINHO";-;-
"171850 RECURSOLANDIA";-;-
"171780 PONTE ALTA DO BOM JESUS";-;-
"171750 PIUM";-;-
"171790 PONTE ALTA DO TOCANTINS";-;-
"171820 PORTO NACIONAL";-;-
"171800 PORTO ALEGRE DO TOCANTINS";-;-
"171865 RIO DA CONCEICAO";-;-
"171889 SANTA RITA DO TOCANTINS";-;-
"171888 SANTA MARIA DO TOCANTINS";-;-
"171890 SANTA ROSA DO TOCANTINS";-;-
"172000 SANTA TEREZINHA DO TOCANTINS";-;-
"171900 SANTA TEREZA DO TOCANTINS";-;-
"171875 RIO SONO";-;-
"171870 RIO DOS BOIS";-;-
"171880 SAMPAIO";-;-
"171886 SANTA FE DO ARAGUAIA";-;-
"171884 SANDOLANDIA";-;-
"171720 PIRAQUE";-;-
"171500 NOVA ROSALANDIA";-;-
"171488 NOVA OLINDA";-;-
"171510 NOVO ACORDO";-;-
"171525 NOVO JARDIM";-;-
"171515 NOVO ALEGRE";-;-
"171380 PALMEIRAS DO TOCANTINS";-;-
"171370 MONTE SANTO DO TOCANTINS";-;-
"171395 MURICILANDIA";-;-
"171430 NAZARE";-;-
"171420 NATIVIDADE";-;-
"171550 OLIVEIRA DE FATIMA";-;-
"171660 PEIXE";-;-
"171650 PEDRO AFONSO";-;-
"171665 PEQUIZEIRO";-;-
"171700 PINDORAMA DO TOCANTINS";-;-
"171670 COLMEIA";-;-
"171575 PALMEIROPOLIS";-;-
"171570 PALMEIRANTE";-;-
"171610 PARAISO DO TOCANTINS";-;-
"171630 PAU D'ARCO";-;-
"171620 PARANA";-;-
"211125 SAO JOSE DOS BASILIOS";-;-
"211120 SAO JOSE DE RIBAMAR";-;-
"211130 SAO LUIS";-;-
"211150 SAO MATEUS DO MARANHAO";-;-
"211140 SAO LUIS GONZAGA DO MARANHAO";-;-
"211102 SAO JOAO DO CARU";-;-
"211100 SAO JOAO BATISTA";-;-
"211105 SAO JOAO DO PARAISO";-;-
"211110 SAO JOAO DOS PATOS";-;-
"211107 SAO JOAO DO SOTER";-;-
"211153 SAO PEDRO DA AGUA BRANCA";-;-
"211174 SENADOR ALEXANDRE COSTA";-;-
"211172 SATUBINHA";-;-
"211176 SENADOR LA ROCQUE";-;-
"211180 SITIO NOVO";-;-
"211178 SERRANO DO MARANHAO";-;-
"211160 SAO RAIMUNDO DAS MANGABEIRAS";-;-
"211157 SAO PEDRO DOS CRENTES";-;-
"211163 SAO RAIMUNDO DO DOCA BEZERRA";-;-
"211170 SAO VICENTE FERRER";-;-
"211167 SAO ROBERTO";-;-
"211090 SAO FRANCISCO DO MARANHAO";-;-
"210990 SANTA INES";-;-
"210980 SANTA HELENA";-;-
"211000 SANTA LUZIA";-;-
"211010 SANTA QUITERIA DO MARANHAO";-;-
"211003 SANTA LUZIA DO PARUA";-;-
"210955 RIBAMAR FIQUENE";-;-
"210950 RIACHAO";-;-
"210960 ROSARIO";-;-
"210975 SANTA FILOMENA DO MARANHAO";-;-
"210970 SAMBAIBA";-;-
"211020 SANTA RITA";-;-
"211065 SAO DOMINGOS DO AZEITAO";-;-
"211060 SAO BERNARDO";-;-
"211070 SAO DOMINGOS DO MARANHAO";-;-
"211085 SAO FRANCISCO DO BREJAO";-;-
"211080 SAO FELIX DE BALSAS";-;-
"211027 SANTO AMARO DO MARANHAO";-;-
"211023 SANTANA DO MARANHAO";-;-
"211030 SANTO ANTONIO DOS LOPES";-;-
"211050 SAO BENTO";-;-
"211040 SAO BENEDITO DO RIO PRETO";-;-
"211190 SUCUPIRA DO NORTE";-;-
"220070 ANISIO DE ABREU";-;-
"220060 ANGICAL DO PIAUI";-;-
"220080 ANTONIO ALMEIDA";-;-
"220095 AROEIRAS DO ITAIM";-;-
"220090 AROAZES";-;-
"220030 ALTO LONGA";-;-
"220027 ALEGRETE DO PIAUI";-;-
"220040 ALTOS";-;-
"220050 AMARANTE";-;-
"220045 ALVORADA DO GURGUEIA";-;-
"220100 ARRAIAL";-;-
"220140 BARRO DURO";-;-
"220130 BARREIRAS DO PIAUI";-;-
"220150 BATALHA";-;-
"220157 BELEM DO PIAUI";-;-
"220155 BELA VISTA DO PIAUI";-;-
"220110 AVELINO LOPES";-;-
"220105 ASSUNCAO DO PIAUI";-;-
"220115 BAIXA GRANDE DO RIBEIRO";-;-
"220120 BARRAS";-;-
"220117 BARRA D'ALCANTARA";-;-
"220025 ALAGOINHA DO PIAUI";-;-
"211230 TUNTUM";-;-
"211227 TUFILANDIA";-;-
"211240 TURIACU";-;-
"211250 TUTOIA";-;-
"211245 TURILANDIA";-;-
"211200 TASSO FRAGOSO";-;-
"211195 SUCUPIRA DO RIACHAO";-;-
"211210 TIMBIRAS";-;-
"211223 TRIZIDELA DO VALE";-;-
"211220 TIMON";-;-
"211260 URBANO SANTOS";-;-
" MUNICIPIO IGNORADO - PI";-;-
"211400 ZE DOCA";-;-
"220005 ACAUA";-;-
"220020 AGUA BRANCA";-;-
"220010 AGRICOLANDIA";-;-
"211280 VIANA";-;-
"211270 VARGEM GRANDE";-;-
"211285 VILA NOVA DOS MARTIRIOS";-;-
"211300 VITORINO FREIRE";-;-
"211290 VITORIA DO MEARIM";-;-
"210945 RAPOSA";-;-
"210560 JOSELANDIA";-;-
"210550 JOAO LISBOA";-;-
"210565 JUNCO DO MARANHAO";-;-
"210580 LAGO DO JUNCO";-;-
"210570 LAGO DA PEDRA";-;-
"210540 ITAPECURU MIRIM";-;-
"210535 ITAIPAVA DO GRAJAU";-;-
"210542 ITINGA DO MARANHAO";-;-
"210547 JENIPAPO DOS VIEIRAS";-;-
"210545 JATOBA";-;-
"210590 LAGO VERDE";-;-
"210620 LUIS DOMINGUES";-;-
"210610 LORETO";-;-
"210630 MAGALHAES DE ALMEIDA";-;-
"210635 MARAJA DO SENA";-;-
"210632 MARACACUME";-;-
"210594 LAGO DOS RODRIGUES";-;-
"210592 LAGOA DO MATO";-;-
"210596 LAGOA GRANDE DO MARANHAO";-;-
"210600 LIMA CAMPOS";-;-
"210598 LAJEADO NOVO";-;-
"210530 IMPERATRIZ";-;-
"210430 GODOFREDO VIANA";-;-
"210420 FORTUNA";-;-
"210440 GONCALVES DIAS";-;-
"210455 GOVERNADOR EDISON LOBAO";-;-
"210450 GOVERNADOR ARCHER";-;-
"210407 FEIRA NOVA DO MARANHAO";-;-
"210405 ESTREITO";-;-
"210408 FERNANDO FALCAO";-;-
"210410 FORTALEZA DOS NOGUEIRAS";-;-
"210409 FORMOSA DA SERRA NEGRA";-;-
"210460 GOVERNADOR EUGENIO BARROS";-;-
"210500 HUMBERTO DE CAMPOS";-;-
"210490 GUIMARAES";-;-
"210510 ICATU";-;-
"210520 IGARAPE GRANDE";-;-
"210515 IGARAPE DO MEIO";-;-
"210465 GOVERNADOR NEWTON BELLO";-;-
"210462 GOVERNADOR LUIZ ROCHA";-;-
"210467 GOVERNADOR NUNES FREIRE";-;-
"210480 GRAJAU";-;-
"210470 GRACA ARANHA";-;-
"210637 MARANHAOZINHO";-;-
"210840 PERI MIRIM";-;-
"210830 PENALVA";-;-
"210845 PERITORO";-;-
"210860 PINHEIRO";-;-
"210850 PINDARE-MIRIM";-;-
"210805 PAULINO NEVES";-;-
"210800 PASTOS BONS";-;-
"210810 PAULO RAMOS";-;-
"210825 PEDRO DO ROSARIO";-;-
"210820 PEDREIRAS";-;-
"210870 PIO XII";-;-
"210923 PRESIDENTE MEDICI";-;-
"210920 PRESIDENTE JUSCELINO";-;-
"210927 PRESIDENTE SARNEY";-;-
"210940 PRIMEIRA CRUZ";-;-
"210930 PRESIDENTE VARGAS";-;-
"210890 POCAO DE PEDRAS";-;-
"210880 PIRAPEMAS";-;-
"210900 PORTO FRANCO";-;-
"210910 PRESIDENTE DUTRA";-;-
"210905 PORTO RICO DO MARANHAO";-;-
"210790 PASSAGEM FRANCA";-;-
"210675 MIRANDA DO NORTE";-;-
"210670 MIRADOR";-;-
"210680 MIRINZAL";-;-
"210700 MONTES ALTOS";-;-
"210690 MONCAO";-;-
"210650 MATINHA";-;-
"210640 MATA ROMA";-;-
"210660 MATOES";-;-
"210667 MILAGRES DO MARANHAO";-;-
"210663 MATOES DO NORTE";-;-
"210710 MORROS";-;-
"210750 PACO DO LUMIAR";-;-
"210745 OLINDA NOVA DO MARANHAO";-;-
"210760 PALMEIRANDIA";-;-
"210780 PARNARAMA";-;-
"210770 PARAIBANO";-;-
"210725 NOVA COLINAS";-;-
"210720 NINA RODRIGUES";-;-
"210730 NOVA IORQUE";-;-
"210740 OLHO D'AGUA DAS CUNHAS";-;-
"210735 NOVA OLINDA DO MARANHAO";-;-
"170389 CARRASCO BONITO";-;-
"130280 MARAA";-;-
"130270 MANICORE";-;-
"130290 MAUES";-;-
"130310 NOVA OLINDA DO NORTE";-;-
"130300 NHAMUNDA";-;-
"130240 LABREA";-;-
"130230 JUTAI";-;-
"130250 MANACAPURU";-;-
"130260 MANAUS";-;-
"130255 MANAQUIRI";-;-
"130320 NOVO AIRAO";-;-
"130370 SANTO ANTONIO DO ICA";-;-
"130360 SANTA ISABEL DO RIO NEGRO";-;-
"130380 SAO GABRIEL DA CACHOEIRA";-;-
"130395 SAO SEBASTIAO DO UATUMA";-;-
"130390 SAO PAULO DE OLIVENCA";-;-
"130340 PARINTINS";-;-
"130330 NOVO ARIPUANA";-;-
"130350 PAUINI";-;-
"130356 RIO PRETO DA EVA";-;-
"130353 PRESIDENTE FIGUEIREDO";-;-
"130220 JURUA";-;-
"130110 CAREIRO";-;-
"130100 CARAUARI";-;-
"130115 CAREIRO DA VARZEA";-;-
"130130 CODAJAS";-;-
"130120 COARI";-;-
"130070 BOCA DO ACRE";-;-
"130068 BOA VISTA DO RAMOS";-;-
"130080 BORBA";-;-
"130090 CANUTAMA";-;-
"130083 CAAPIRANGA";-;-
"130140 EIRUNEPE";-;-
"130190 ITACOATIARA";-;-
"130185 IRANDUBA";-;-
"130195 ITAMARATI";-;-
"130210 JAPURA";-;-
"130200 ITAPIRANGA";-;-
"130160 FONTE BOA";-;-
"130150 ENVIRA";-;-
"130165 GUAJARA";-;-
"130180 IPIXUNA";-;-
"130170 HUMAITA";-;-
"130400 SILVES";-;-
"150034 AGUA AZUL DO NORTE";-;-
"150030 AFUA";-;-
"150040 ALENQUER";-;-
"150060 ALTAMIRA";-;-
"150050 ALMEIRIM";-;-
" MUNICIPIO IGNORADO - PA";-;-
"140070 UIRAMUTA";-;-
"150010 ABAETETUBA";-;-
"150020 ACARA";-;-
"150013 ABEL FIGUEIREDO";-;-
"150070 ANAJAS";-;-
"150120 BAIAO";-;-
"150110 BAGRE";-;-
"150125 BANNACH";-;-
"150140 BELEM";-;-
"150130 BARCARENA";-;-
"150085 ANAPU";-;-
"150080 ANANINDEUA";-;-
"150090 AUGUSTO CORREA";-;-
"150100 AVEIRO";-;-
"150095 AURORA DO PARA";-;-
"140060 SAO LUIZ";-;-
"130440 URUCURITUBA";-;-
"130430 URUCARA";-;-
" MUNICIPIO IGNORADO - RR";-;-
"140005 ALTO ALEGRE";-;-
"140002 AMAJARI";-;-
"130410 TAPAUA";-;-
"130406 TABATINGA";-;-
"130420 TEFE";-;-
"130426 UARINI";-;-
"130423 TONANTINS";-;-
"140010 BOA VISTA";-;-
"140040 NORMANDIA";-;-
"140030 MUCAJAI";-;-
"140045 PACARAIMA";-;-
"140050 SAO JOAO DA BALIZA";-;-
"140047 RORAINOPOLIS";-;-
"140017 CANTA";-;-
"140015 BONFIM";-;-
"140020 CARACARAI";-;-
"140028 IRACEMA";-;-
"140023 CAROEBE";-;-
"130063 BERURI";-;-
"110045 BURITIS";-;-
"110040 ALTO PARAISO";-;-
"110050 NOVO HORIZONTE DO OESTE";-;-
"110070 CAMPO NOVO DE RONDONIA";-;-
"110060 CACAULANDIA";-;-
"110032 SAO MIGUEL DO GUAPORE";-;-
"110030 VILHENA";-;-
"110033 NOVA MAMORE";-;-
"110037 ALTO ALEGRE DOS PARECIS";-;-
"110034 ALVORADA D'OESTE";-;-
"110080 CANDEIAS DO JAMARI";-;-
"110130 MIRANTE DA SERRA";-;-
"110120 MINISTRO ANDREAZZA";-;-
"110140 MONTE NEGRO";-;-
"110145 PARECIS";-;-
"110143 NOVA UNIAO";-;-
"110092 CHUPINGUAIA";-;-
"110090 CASTANHEIRAS";-;-
"110094 CUJUBIM";-;-
"110110 ITAPUA DO OESTE";-;-
"110100 GOVERNADOR JORGE TEIXEIRA";-;-
"110029 SANTA LUZIA D'OESTE";-;-
"110006 COLORADO DO OESTE";-;-
"110005 CEREJEIRAS";-;-
"110007 CORUMBIARA";-;-
"110009 ESPIGAO D'OESTE";-;-
"110008 COSTA MARQUES";-;-
"110001 ALTA FLORESTA D'OESTE";-;-
" MUNICIPIO IGNORADO - RO";-;-
"110002 ARIQUEMES";-;-
"110004 CACOAL";-;-
"110003 CABIXI";-;-
"110010 GUAJARA-MIRIM";-;-
"110020 PORTO VELHO";-;-
"110018 PIMENTA BUENO";-;-
"110025 PRESIDENTE MEDICI";-;-
"110028 ROLIM DE MOURA";-;-
"110026 RIO CRESPO";-;-
"110012 JI-PARANA";-;-
"110011 JARU";-;-
"110013 MACHADINHO D'OESTE";-;-
"110015 OURO PRETO DO OESTE";-;-
"110014 NOVA BRASILANDIA D'OESTE";-;-
"110146 PIMENTEIRAS DO OESTE";-;-
"120050 SENA MADUREIRA";-;-
"120045 SENADOR GUIOMARD";-;-
"120060 TARAUACA";-;-
"120080 PORTO ACRE";-;-
"120070 XAPURI";-;-
"120039 PORTO WALTER";-;-
"120038 PLACIDO DE CASTRO";-;-
"120040 RIO BRANCO";-;-
"120043 SANTA ROSA DO PURUS";-;-
"120042 RODRIGUES ALVES";-;-
" MUNICIPIO IGNORADO - AM";-;-
"130030 AUTAZES";-;-
"130020 ATALAIA DO NORTE";-;-
"130040 BARCELOS";-;-
"130060 BENJAMIN CONSTANT";-;-
"130050 BARREIRINHA";-;-
"130006 AMATURA";-;-
"130002 ALVARAES";-;-
"130008 ANAMA";-;-
"130014 APUI";-;-
"130010 ANORI";-;-
"120035 MARECHAL THAUMATURGO";-;-
"110170 URUPA";-;-
"110160 THEOBROMA";-;-
"110175 VALE DO ANARI";-;-
" MUNICIPIO IGNORADO - AC";-;-
"110180 VALE DO PARAISO";-;-
"110148 SAO FELIPE D'OESTE";-;-
"110147 PRIMAVERA DE RONDONIA";-;-
"110149 SAO FRANCISCO DO GUAPORE";-;-
"110155 TEIXEIROPOLIS";-;-
"110150 SERINGUEIRAS";-;-
"120001 ACRELANDIA";-;-
"120030 FEIJO";-;-
"120025 EPITACIOLANDIA";-;-
"120032 JORDAO";-;-
"120034 MANOEL URBANO";-;-
"120033 MANCIO LIMA";-;-
"120010 BRASILEIA";-;-
"120005 ASSIS BRASIL";-;-
"120013 BUJARI";-;-
"120020 CRUZEIRO DO SUL";-;-
"120017 CAPIXABA";-;-
"150805 TRAIRAO";-;-
"150803 TRACUATEUA";-;-
"150808 TUCUMA";-;-
"150812 ULIANOPOLIS";-;-
"150810 TUCURUI";-;-
"150795 TAILANDIA";-;-
"150790 SOURE";-;-
"150796 TERRA ALTA";-;-
"150800 TOME-ACU";-;-
"150797 TERRA SANTA";-;-
"150815 URUARA";-;-
"160010 AMAPA";-;-
"160005 SERRA DO NAVIO";-;-
"160015 PEDRA BRANCA DO AMAPARI";-;-
"160021 CUTIAS";-;-
"160020 CALCOENE";-;-
"150830 VISEU";-;-
"150820 VIGIA";-;-
"150835 VITORIA DO XINGU";-;-
" MUNICIPIO IGNORADO - AP";-;-
"150840 XINGUARA";-;-
"150780 SENADOR JOSE PORFIRIO";-;-
"150680 SANTAREM";-;-
"150670 SANTANA DO ARAGUAIA";-;-
"150690 SANTAREM NOVO";-;-
"150710 SAO CAETANO DE ODIVELAS";-;-
"150700 SANTO ANTONIO DO TAUA";-;-
"150650 SANTA IZABEL DO PARA";-;-
"150640 SANTA CRUZ DO ARARI";-;-
"150655 SANTA LUZIA DO PARA";-;-
"150660 SANTA MARIA DO PARA";-;-
"150658 SANTA MARIA DAS BARREIRAS";-;-
"150715 SAO DOMINGOS DO ARAGUAIA";-;-
"150750 SAO JOAO DO ARAGUAIA";-;-
"150747 SAO JOAO DE PIRABAS";-;-
"150760 SAO MIGUEL DO GUAMA";-;-
"150775 SAPUCAIA";-;-
"150770 SAO SEBASTIAO DA BOA VISTA";-;-
"150730 SAO FELIX DO XINGU";-;-
"150720 SAO DOMINGOS DO CAPIM";-;-
"150740 SAO FRANCISCO DO PARA";-;-
"150746 SAO JOAO DA PONTA";-;-
"150745 SAO GERALDO DO ARAGUAIA";-;-
"160023 FERREIRA GOMES";-;-
"170270 AURORA DO TOCANTINS";-;-
"170255 AUGUSTINOPOLIS";-;-
"170290 AXIXA DO TOCANTINS";-;-
"170305 BANDEIRANTES DO TOCANTINS";-;-
"170300 BABACULANDIA";-;-
"170215 ARAGUANA";-;-
"170210 ARAGUAINA";-;-
"170220 ARAGUATINS";-;-
"170240 ARRAIAS";-;-
"170230 ARAPOEMA";-;-
"170307 BARRA DO OURO";-;-
"170382 CACHOEIRINHA";-;-
"170380 BURITI DO TOCANTINS";-;-
"170384 CAMPOS LINDOS";-;-
"170388 CARMOLANDIA";-;-
"170386 CARIRI DO TOCANTINS";-;-
"170320 BERNARDO SAYAO";-;-
"170310 BARROLANDIA";-;-
"170330 BOM JESUS DO TOCANTINS";-;-
"170370 BREJINHO DE NAZARE";-;-
"170360 BRASILANDIA DO TOCANTINS";-;-
"170200 ARAGUACU";-;-
"160055 PRACUUBA";-;-
"160053 PORTO GRANDE";-;-
"160060 SANTANA";-;-
"160080 VITORIA DO JARI";-;-
"160070 TARTARUGALZINHO";-;-
"160027 LARANJAL DO JARI";-;-
"160025 ITAUBAL";-;-
"160030 MACAPA";-;-
"160050 OIAPOQUE";-;-
"160040 MAZAGAO";-;-
" MUNICIPIO IGNORADO - TO";-;-
"170105 ANGICO";-;-
"170100 ANANAS";-;-
"170110 APARECIDA DO RIO NEGRO";-;-
"170190 ARAGUACEMA";-;-
"170130 ARAGOMINAS";-;-
"170030 AGUIARNOPOLIS";-;-
"170025 ABREULANDIA";-;-
"170035 ALIANCA DO TOCANTINS";-;-
"170070 ALVORADA";-;-
"170040 ALMAS";-;-
"150635 SANTA BARBARA DO PARA";-;-
"150300 FARO";-;-
"150295 ELDORADO DOS CARAJAS";-;-
"150304 FLORESTA DO ARAGUAIA";-;-
"150309 GOIANESIA DO PARA";-;-
"150307 GARRAFAO DO NORTE";-;-
"150280 CURRALINHO";-;-
"150277 CURIONOPOLIS";-;-
"150285 CURUA";-;-
"150293 DOM ELISEU";-;-
"150290 CURUCA";-;-
"150310 GURUPA";-;-
"150370 ITUPIRANGA";-;-
"150360 ITAITUBA";-;-
"150375 JACAREACANGA";-;-
"150390 JURUTI";-;-
"150380 JACUNDA";-;-
"150330 IGARAPE-MIRI";-;-
"150320 IGARAPE-ACU";-;-
"150340 INHANGAPI";-;-
"150350 IRITUIA";-;-
"150345 IPIXUNA DO PARA";-;-
"150276 CUMARU DO NORTE";-;-
"150175 BREJO GRANDE DO ARAGUAIA";-;-
"150172 BRASIL NOVO";-;-
"150178 BREU BRANCO";-;-
"150190 BUJARU";-;-
"150180 BREVES";-;-
"150150 BENEVIDES";-;-
"150145 BELTERRA";-;-
"150157 BOM JESUS DO TOCANTINS";-;-
"150170 BRAGANCA";-;-
"150160 BONITO";-;-
"150195 CACHOEIRA DO PIRIA";-;-
"150250 CHAVES";-;-
"150240 CASTANHAL";-;-
"150260 COLARES";-;-
"150275 CONCORDIA DO PARA";-;-
"150270 CONCEICAO DO ARAGUAIA";-;-
"150210 CAMETA";-;-
"150200 CACHOEIRA DO ARARI";-;-
"150215 CANAA DOS CARAJAS";-;-
"150230 CAPITAO POCO";-;-
"150220 CAPANEMA";-;-
"150400 LIMOEIRO DO AJURU";-;-
"150560 PEIXE-BOI";-;-
"150555 PAU D'ARCO";-;-
"150563 PICARRA";-;-
"150570 PONTA DE PEDRAS";-;-
"150565 PLACAS";-;-
"150548 PACAJA";-;-
"150543 OURILANDIA DO NORTE";-;-
"150549 PALESTINA DO PARA";-;-
"150553 PARAUAPEBAS";-;-
"150550 PARAGOMINAS";-;-
"150580 PORTEL";-;-
"150618 RONDON DO PARA";-;-
"150616 RIO MARIA";-;-
"150619 RUROPOLIS";-;-
"150630 SALVATERRA";-;-
"150620 SALINOPOLIS";-;-
"150600 PRAINHA";-;-
"150590 PORTO DE MOZ";-;-
"150610 PRIMAVERA";-;-
"150613 REDENCAO";-;-
"150611 QUATIPURU";-;-
"150540 OUREM";-;-
"150445 MEDICILANDIA";-;-
"150442 MARITUBA";-;-
"150450 MELGACO";-;-
"150470 MOJU";-;-
"150460 MOCAJUBA";-;-
"150410 MAGALHAES BARATA";-;-
"150405 MAE DO RIO";-;-
"150420 MARABA";-;-
"150440 MARAPANIM";-;-
"150430 MARACANA";-;-
"150475 MOJUI DOS CAMPOS";-;-
"150506 NOVO REPARTIMENTO";-;-
"150503 NOVO PROGRESSO";-;-
"150510 OBIDOS";-;-
"150530 ORIXIMINA";-;-
"150520 OEIRAS DO PARA";-;-
"150490 MUANA";-;-
"150480 MONTE ALEGRE";-;-
"150495 NOVA ESPERANCA DO PIRIA";-;-
"150500 NOVA TIMBOTEUA";-;-
"150497 NOVA IPIXUNA";-;-
"220160 BENEDITINOS";-;-
"240760 MESSIAS TARGINO";-;-
"240750 MAXARANGUAPE";-;-
"240770 MONTANHAS";-;-
"240790 MONTE DAS GAMELEIRAS";-;-
"240780 MONTE ALEGRE";-;-
"240720 MACAU";-;-
"240710 MACAIBA";-;-
"240725 MAJOR SALES";-;-
"240740 MARTINS";-;-
"240730 MARCELINO VIEIRA";-;-
"240800 MOSSORO";-;-
"240870 PARAU";-;-
"240860 PARANA";-;-
"240880 PARAZINHO";-;-
"240895 RIO DO FOGO";-;-
"240890 PARELHAS";-;-
"240820 NISIA FLORESTA";-;-
"240810 NATAL";-;-
"240830 NOVA CRUZ";-;-
"240850 OURO BRANCO";-;-
"240840 OLHO-D'AGUA DO BORGES";-;-
"240700 LUIS GOMES";-;-
"240560 JARDIM DE PIRANHAS";-;-
"240550 JARDIM DE ANGICOS";-;-
"240570 JARDIM DO SERIDO";-;-
"240590 JOAO DIAS";-;-
"240580 JOAO CAMARA";-;-
"240510 JANDAIRA";-;-
"240500 JACANA";-;-
"240520 JANDUIS";-;-
"240540 JAPI";-;-
"240530 JANUARIO CICCO";-;-
"240600 JOSE DA PENHA";-;-
"240660 LAGOA SALGADA";-;-
"240650 LAGOA NOVA";-;-
"240670 LAJES";-;-
"240690 LUCRECIA";-;-
"240680 LAJES PINTADAS";-;-
"240615 JUNDIA";-;-
"240610 JUCURUTU";-;-
"240620 LAGOA D'ANTA";-;-
"240640 LAGOA DE VELHOS";-;-
"240630 LAGOA DE PEDRAS";-;-
"240910 PASSA E FICA";-;-
"241170 SAO BENTO DO TRAIRI";-;-
"241160 SAO BENTO DO NORTE";-;-
"241180 SAO FERNANDO";-;-
"241200 SAO GONCALO DO AMARANTE";-;-
"241190 SAO FRANCISCO DO OESTE";-;-
"241120 SANTA CRUZ";-;-
"241110 RUY BARBOSA";-;-
"241140 SANTANA DO MATOS";-;-
"241150 SANTO ANTONIO";-;-
"241142 SANTANA DO SERIDO";-;-
"241210 SAO JOAO DO SABUGI";-;-
"241270 SAO PEDRO";-;-
"241260 SAO PAULO DO POTENGI";-;-
"241280 SAO RAFAEL";-;-
"241300 SAO VICENTE";-;-
"241290 SAO TOME";-;-
"241230 SAO JOSE DO CAMPESTRE";-;-
"241220 SAO JOSE DE MIPIBU";-;-
"241240 SAO JOSE DO SERIDO";-;-
"241255 SAO MIGUEL DO GOSTOSO";-;-
"241250 SAO MIGUEL";-;-
"241105 TIBAU";-;-
"240970 PEDRO AVELINO";-;-
"240960 PEDRA PRETA";-;-
"240980 PEDRO VELHO";-;-
"241000 PILOES";-;-
"240990 PENDENCIAS";-;-
"240930 PATU";-;-
"240920 PASSAGEM";-;-
"240933 SANTA MARIA";-;-
"240950 PEDRA GRANDE";-;-
"240940 PAU DOS FERROS";-;-
"241010 POCO BRANCO";-;-
"241070 RIACHO DA CRUZ";-;-
"241060 RAFAEL GODEIRO";-;-
"241080 RIACHO DE SANTANA";-;-
"241100 RODOLFO FERNANDES";-;-
"241090 RIACHUELO";-;-
"241025 PORTO DO MANGUE";-;-
"241020 PORTALEGRE";-;-
"241030 SERRA CAIADA";-;-
"241050 RAFAEL FERNANDES";-;-
"241040 PUREZA";-;-
"240490 ITAU";-;-
"231390 URUOCA";-;-
"231380 URUBURETAMA";-;-
"231395 VARJOTA";-;-
"231410 VICOSA DO CEARA";-;-
"231400 VARZEA ALEGRE";-;-
"231355 TURURU";-;-
"231350 TRAIRI";-;-
"231360 UBAJARA";-;-
"231375 UMIRIM";-;-
"231370 UMARI";-;-
" MUNICIPIO IGNORADO - RN";-;-
"240070 ALTO DO RODRIGUES";-;-
"240060 ALMINO AFONSO";-;-
"240080 ANGICOS";-;-
"240100 APODI";-;-
"240090 ANTONIO MARTINS";-;-
"240020 ACU";-;-
"240010 ACARI";-;-
"240030 AFONSO BEZERRA";-;-
"240050 ALEXANDRIA";-;-
"240040 AGUA NOVA";-;-
"231340 TIANGUA";-;-
"231210 SANTANA DO CARIRI";-;-
"231200 SANTANA DO ACARAU";-;-
"231220 SANTA QUITERIA";-;-
"231240 SAO GONCALO DO AMARANTE";-;-
"231230 SAO BENEDITO";-;-
"231170 RERIUTABA";-;-
"231160 REDENCAO";-;-
"231180 RUSSAS";-;-
"231195 SALITRE";-;-
"231190 SABOEIRO";-;-
"231250 SAO JOAO DO JAGUARIBE";-;-
"231320 TAMBORIL";-;-
"231310 TABULEIRO DO NORTE";-;-
"231325 TARRAFAS";-;-
"231335 TEJUCUOCA";-;-
"231330 TAUA";-;-
"231270 SENADOR POMPEU";-;-
"231260 SAO LUIS DO CURU";-;-
"231280 SENADOR SA";-;-
"231300 SOLONOPOLE";-;-
"231290 SOBRAL";-;-
"240110 AREIA BRANCA";-;-
"240360 EXTREMOZ";-;-
"240350 ESPIRITO SANTO";-;-
"240370 FELIPE GUERRA";-;-
"240380 FLORANIA";-;-
"240375 FERNANDO PEDROZA";-;-
"240320 DOUTOR SEVERIANO";-;-
"240310 CURRAIS NOVOS";-;-
"240325 PARNAMIRIM";-;-
"240340 EQUADOR";-;-
"240330 ENCANTO";-;-
"240390 FRANCISCO DANTAS";-;-
"240460 IELMO MARINHO";-;-
"240450 GUAMARE";-;-
"240470 IPANGUACU";-;-
"240485 ITAJA";-;-
"240480 IPUEIRA";-;-
"240410 GALINHOS";-;-
"240400 FRUTUOSO GOMES";-;-
"240420 GOIANINHA";-;-
"240440 GROSSOS";-;-
"240430 GOVERNADOR DIX-SEPT ROSADO";-;-
"240300 CRUZETA";-;-
"240165 BODO";-;-
"240160 BENTO FERNANDES";-;-
"240170 BOM JESUS";-;-
"240185 CAICARA DO NORTE";-;-
"240180 BREJINHO";-;-
"240130 CAMPO GRANDE";-;-
"240120 ARES";-;-
"240140 BAIA FORMOSA";-;-
"240150 BARCELONA";-;-
"240145 BARAUNA";-;-
"240190 CAICARA DO RIO DO VENTO";-;-
"240260 CEARA-MIRIM";-;-
"240250 CARNAUBAIS";-;-
"240270 CERRO CORA";-;-
"240290 CORONEL JOAO PESSOA";-;-
"240280 CORONEL EZEQUIEL";-;-
"240210 CAMPO REDONDO";-;-
"240200 CAICO";-;-
"240220 CANGUARETAMA";-;-
"240240 CARNAUBA DOS DANTAS";-;-
"240230 CARAUBAS";-;-
"250700 ITAPORANGA";-;-
"250690 ITABAIANA";-;-
"250710 ITAPOROROCA";-;-
"250730 JACARAU";-;-
"250720 ITATUBA";-;-
"250650 GURJAO";-;-
"250640 GURINHEM";-;-
"250660 IBIARA";-;-
"250680 INGA";-;-
"250670 IMACULADA";-;-
"250740 JERICO";-;-
"250810 LAGOA";-;-
"250800 JURU";-;-
"250820 LAGOA DE DENTRO";-;-
"250840 LASTRO";-;-
"250830 LAGOA SECA";-;-
"250760 JUAREZ TAVORA";-;-
"250750 JOAO PESSOA";-;-
"250770 JUAZEIRINHO";-;-
"250790 JURIPIRANGA";-;-
"250780 JUNCO DO SERIDO";-;-
"250630 GUARABIRA";-;-
"250520 CUITEGI";-;-
"250510 CUITE";-;-
"250523 CUITE DE MAMANGUAPE";-;-
"250530 CURRAL VELHO";-;-
"250527 CURRAL DE CIMA";-;-
"250480 COREMAS";-;-
"250470 CONGO";-;-
"250485 COXIXOLA";-;-
"250500 CUBATI";-;-
"250490 CRUZ DO ESPIRITO SANTO";-;-
"250535 DAMIAO";-;-
"250600 ESPERANCA";-;-
"250590 EMAS";-;-
"250610 FAGUNDES";-;-
"250625 GADO BRAVO";-;-
"250620 FREI MARTINHO";-;-
"250550 VISTA SERRANA";-;-
"250540 DESTERRO";-;-
"250560 DIAMANTE";-;-
"250580 DUAS ESTRADAS";-;-
"250570 DONA INES";-;-
"250850 LIVRAMENTO";-;-
"251070 PASSAGEM";-;-
"251065 PARARI";-;-
"251080 PATOS";-;-
"251100 PEDRA BRANCA";-;-
"251090 PAULISTA";-;-
"251030 NOVA PALMEIRA";-;-
"251020 NOVA OLINDA";-;-
"251040 OLHO D'AGUA";-;-
"251060 OURO VELHO";-;-
"251050 OLIVEDOS";-;-
"251110 PEDRA LAVRADA";-;-
"251180 PIRPIRITUBA";-;-
"251170 PILOEZINHOS";-;-
"251190 PITIMBU";-;-
"251203 POCO DANTAS";-;-
"251200 POCINHOS";-;-
"251130 PIANCO";-;-
"251120 PEDRAS DE FOGO";-;-
"251140 PICUI";-;-
"251160 PILOES";-;-
"251150 PILAR";-;-
"251010 NOVA FLORESTA";-;-
"250905 MARCACAO";-;-
"250900 MANAIRA";-;-
"250910 MARI";-;-
"250920 MASSARANDUBA";-;-
"250915 MARIZOPOLIS";-;-
"250860 LUCENA";-;-
"250855 LOGRADOURO";-;-
"250870 MAE D'AGUA";-;-
"250890 MAMANGUAPE";-;-
"250880 MALTA";-;-
"250930 MATARACA";-;-
"250970 MONTEIRO";-;-
"250960 MONTE HOREBE";-;-
"250980 MULUNGU";-;-
"251000 NAZAREZINHO";-;-
"250990 NATUBA";-;-
"250937 MATO GROSSO";-;-
"250933 MATINHAS";-;-
"250939 MATUREIA";-;-
"250950 MONTADAS";-;-
"250940 MOGEIRO";-;-
"250460 CONDE";-;-
"250030 ALAGOA GRANDE";-;-
"250020 AGUIAR";-;-
"250040 ALAGOA NOVA";-;-
"250053 ALCANTIL";-;-
"250050 ALAGOINHA";-;-
"241490 VICOSA";-;-
"241480 VERA CRUZ";-;-
"241500 VILA FLOR";-;-
"250010 AGUA BRANCA";-;-
" MUNICIPIO IGNORADO - PB";-;-
"250057 ALGODAO DE JANDAIRA";-;-
"250100 ARARUNA";-;-
"250090 ARARA";-;-
"250110 AREIA";-;-
"250120 AREIAL";-;-
"250115 AREIA DE BARAUNAS";-;-
"250070 SAO JOAO DO RIO DO PEIXE";-;-
"250060 ALHANDRA";-;-
"250073 AMPARO";-;-
"250080 ARACAGI";-;-
"250077 APARECIDA";-;-
"241475 VENHA-VER";-;-
"241355 SERRINHA DOS PINTOS";-;-
"241350 SERRINHA";-;-
"241360 SEVERIANO MELO";-;-
"241380 TABOLEIRO GRANDE";-;-
"241370 SITIO NOVO";-;-
"241320 SENADOR GEORGINO AVELINO";-;-
"241310 SENADOR ELOI DE SOUZA";-;-
"241330 SERRA DE SAO BENTO";-;-
"241340 SERRA NEGRA DO NORTE";-;-
"241335 SERRA DO MEL";-;-
"241390 TAIPU";-;-
"241445 TRIUNFO POTIGUAR";-;-
"241440 TOUROS";-;-
"241450 UMARIZAL";-;-
"241470 VARZEA";-;-
"241460 UPANEMA";-;-
"241410 TENENTE ANANIAS";-;-
"241400 TANGARA";-;-
"241415 TENENTE LAURENTINO CRUZ";-;-
"241430 TIMBAUBA DOS BATISTAS";-;-
"241420 TIBAU DO SUL";-;-
"250130 AROEIRAS";-;-
"250360 CAICARA";-;-
"250355 CACIMBAS";-;-
"250370 CAJAZEIRAS";-;-
"250380 CALDAS BRANDAO";-;-
"250375 CAJAZEIRINHAS";-;-
"250320 CABEDELO";-;-
"250310 CABACEIRAS";-;-
"250330 CACHOEIRA DOS INDIOS";-;-
"250350 CACIMBA DE DENTRO";-;-
"250340 CACIMBA DE AREIA";-;-
"250390 CAMALAU";-;-
"250430 CATOLE DO ROCHA";-;-
"250420 CATINGUEIRA";-;-
"250435 CATURITE";-;-
"250450 CONDADO";-;-
"250440 CONCEICAO";-;-
"250403 CAPIM";-;-
"250400 CAMPINA GRANDE";-;-
"250407 CARAUBAS";-;-
"250415 CASSERENGUE";-;-
"250410 CARRAPATEIRA";-;-
"250300 CAAPORA";-;-
"250170 BARRA DE SAO MIGUEL";-;-
"250160 BARRA DE SANTA ROSA";-;-
"250180 BAYEUX";-;-
"250200 BELEM DO BREJO DO CRUZ";-;-
"250190 BELEM";-;-
"250140 BAIA DA TRAICAO";-;-
"250135 ASSUNCAO";-;-
"250150 BANANEIRAS";-;-
"250157 BARRA DE SANTANA";-;-
"250153 BARAUNA";-;-
"250205 BERNARDINO BATISTA";-;-
"250260 IGARACY";-;-
"250250 BOQUEIRAO";-;-
"250270 BORBOREMA";-;-
"250290 BREJO DOS SANTOS";-;-
"250280 BREJO DO CRUZ";-;-
"250215 BOA VISTA";-;-
"250210 BOA VENTURA";-;-
"250220 BOM JESUS";-;-
"250240 BONITO DE SANTA FE";-;-
"250230 BOM SUCESSO";-;-
"231150 QUIXERE";-;-
"220710 OLHO D'AGUA DO PIAUI";-;-
"220700 OEIRAS";-;-
"220720 PADRE MARCOS";-;-
"220735 PAJEU DO PIAUI";-;-
"220730 PAES LANDIM";-;-
"220675 NOSSA SENHORA DE NAZARE";-;-
"220672 NAZARIA";-;-
"220680 NOSSA SENHORA DOS REMEDIOS";-;-
"220695 NOVO SANTO ANTONIO";-;-
"220690 NOVO ORIENTE DO PIAUI";-;-
"220740 PALMEIRA DO PIAUI";-;-
"220779 PAU D'ARCO DO PIAUI";-;-
"220777 PATOS DO PIAUI";-;-
"220780 PAULISTANA";-;-
"220790 PEDRO II";-;-
"220785 PAVUSSU";-;-
"220755 PAQUETA";-;-
"220750 PALMEIRAIS";-;-
"220760 PARNAGUA";-;-
"220775 PASSAGEM FRANCA DO PIAUI";-;-
"220770 PARNAIBA";-;-
"220670 NAZARE DO PIAUI";-;-
"220585 MADEIRO";-;-
"220580 LUZILANDIA";-;-
"220590 MANOEL EMIDIO";-;-
"220600 MARCOS PARENTE";-;-
"220595 MARCOLANDIA";-;-
"220558 LAGOA DO PIAUI";-;-
"220557 LAGOA DE SAO FRANCISCO";-;-
"220559 LAGOA DO SITIO";-;-
"220570 LUIS CORREIA";-;-
"220560 LANDRI SALES";-;-
"220605 MASSAPE DO PIAUI";-;-
"220660 MONTE ALEGRE DO PIAUI";-;-
"220650 MONSENHOR HIPOLITO";-;-
"220665 MORRO CABECA NO TEMPO";-;-
"220669 MURICI DOS PORTELAS";-;-
"220667 MORRO DO CHAPEU DO PIAUI";-;-
"220620 MIGUEL ALVES";-;-
"220610 MATIAS OLIMPIO";-;-
"220630 MIGUEL LEAO";-;-
"220640 MONSENHOR GIL";-;-
"220635 MILTON BRANDAO";-;-
"220793 PEDRO LAURENTINO";-;-
"220970 SAO FRANCISCO DO PIAUI";-;-
"220965 SAO FRANCISCO DE ASSIS DO PIAUI";-;-
"220975 SAO GONCALO DO GURGUEIA";-;-
"220985 SAO JOAO DA CANABRAVA";-;-
"220980 SAO GONCALO DO PIAUI";-;-
"220945 SANTO ANTONIO DOS MILAGRES";-;-
"220940 SANTO ANTONIO DE LISBOA";-;-
"220950 SANTO INACIO DO PIAUI";-;-
"220960 SAO FELIX DO PIAUI";-;-
"220955 SAO BRAZ DO PIAUI";-;-
"220987 SAO JOAO DA FRONTEIRA";-;-
"221020 SAO JOSE DO PIAUI";-;-
"221010 SAO JOSE DO PEIXE";-;-
"221030 SAO JULIAO";-;-
"221037 SAO LUIS DO PIAUI";-;-
"221035 SAO LOURENCO DO PIAUI";-;-
"220995 SAO JOAO DA VARJOTA";-;-
"220990 SAO JOAO DA SERRA";-;-
"220997 SAO JOAO DO ARRAIAL";-;-
"221005 SAO JOSE DO DIVINO";-;-
"221000 SAO JOAO DO PIAUI";-;-
"220937 SANTA ROSA DO PIAUI";-;-
"220850 PORTO";-;-
"220840 PIRIPIRI";-;-
"220855 PORTO ALEGRE DO PIAUI";-;-
"220865 QUEIMADA NOVA";-;-
"220860 PRATA DO PIAUI";-;-
"220800 PICOS";-;-
"220795 NOVA SANTA RITA";-;-
"220810 PIMENTEIRAS";-;-
"220830 PIRACURUCA";-;-
"220820 PIO IX";-;-
"220870 REDENCAO DO GURGUEIA";-;-
"220915 SANTA CRUZ DOS MILAGRES";-;-
"220910 SANTA CRUZ DO PIAUI";-;-
"220920 SANTA FILOMENA";-;-
"220935 SANTANA DO PIAUI";-;-
"220930 SANTA LUZ";-;-
"220885 RIACHO FRIO";-;-
"220880 REGENERACAO";-;-
"220887 RIBEIRA DO PIAUI";-;-
"220900 RIO GRANDE DO PIAUI";-;-
"220890 RIBEIRO GONCALVES";-;-
"220556 LAGOA DO BARRO DO PIAUI";-;-
"220260 CASTELO DO PIAUI";-;-
"220255 CARIDADE DO PIAUI";-;-
"220265 CAXINGO";-;-
"220271 COCAL DE TELHA";-;-
"220270 COCAL";-;-
"220240 CAPITAO DE CAMPOS";-;-
"220230 CANTO DO BURITI";-;-
"220245 CAPITAO GERVASIO OLIVEIRA";-;-
"220253 CARAUBAS DO PIAUI";-;-
"220250 CARACOL";-;-
"220272 COCAL DOS ALVES";-;-
"220300 CRISTALANDIA DO PIAUI";-;-
"220290 CORRENTE";-;-
"220310 CRISTINO CASTRO";-;-
"220323 CURRAIS";-;-
"220320 CURIMATA";-;-
"220275 COLONIA DO GURGUEIA";-;-
"220273 COIVARAS";-;-
"220277 COLONIA DO PIAUI";-;-
"220285 CORONEL JOSE DIAS";-;-
"220280 CONCEICAO DO CANINDE";-;-
"220225 CANAVIEIRA";-;-
"220192 BONFIM DO PIAUI";-;-
"220191 BOM PRINCIPIO DO PIAUI";-;-
"220194 BOQUEIRAO DO PIAUI";-;-
"220198 BREJO DO PIAUI";-;-
"220196 BRASILEIRA";-;-
"220173 BETANIA DO PIAUI";-;-
"220170 BERTOLINIA";-;-
"220177 BOA HORA";-;-
"220190 BOM JESUS";-;-
"220180 BOCAINA";-;-
"220200 BURITI DOS LOPES";-;-
"220211 CAMPO ALEGRE DO FIDALGO";-;-
"220210 CAMPINAS DO PIAUI";-;-
"220213 CAMPO GRANDE DO PIAUI";-;-
"220220 CAMPO MAIOR";-;-
"220217 CAMPO LARGO DO PIAUI";-;-
"220205 CABECEIRAS DO PIAUI";-;-
"220202 BURITI DOS MONTES";-;-
"220207 CAJAZEIRAS DO PIAUI";-;-
"220209 CALDEIRAO GRANDE DO PIAUI";-;-
"220208 CAJUEIRO DA PRAIA";-;-
"220325 CURRALINHOS";-;-
"220510 ITAUEIRA";-;-
"220500 ITAINOPOLIS";-;-
"220515 JACOBINA DO PIAUI";-;-
"220525 JARDIM DO MULATO";-;-
"220520 JAICOS";-;-
"220465 ILHA GRANDE";-;-
"220460 HUGO NAPOLEAO";-;-
"220470 INHUMA";-;-
"220490 ISAIAS COELHO";-;-
"220480 IPIRANGA DO PIAUI";-;-
"220527 JATOBA DO PIAUI";-;-
"220552 JULIO BORGES";-;-
"220551 JUAZEIRO DO PIAUI";-;-
"220553 JUREMA";-;-
"220555 LAGOA ALEGRE";-;-
"220554 LAGOINHA DO PIAUI";-;-
"220535 JOAO COSTA";-;-
"220530 JERUMENHA";-;-
"220540 JOAQUIM PIRES";-;-
"220550 JOSE DE FREITAS";-;-
"220545 JOCA MARQUES";-;-
"220455 GUARIBAS";-;-
"220350 ELESBAO VELOSO";-;-
"220345 DOM INOCENCIO";-;-
"220360 ELISEU MARTINS";-;-
"220375 FARTURA DO PIAUI";-;-
"220370 ESPERANTINA";-;-
"220330 DEMERVAL LOBAO";-;-
"220327 CURRAL NOVO DO PIAUI";-;-
"220335 DIRCEU ARCOVERDE";-;-
"220342 DOMINGOS MOURAO";-;-
"220340 DOM EXPEDITO LOPES";-;-
"220380 FLORES DO PIAUI";-;-
"220430 FRONTEIRAS";-;-
"220420 FRANCISCO SANTOS";-;-
"220435 GEMINIANO";-;-
"220450 GUADALUPE";-;-
"220440 GILBUES";-;-
"220390 FLORIANO";-;-
"220385 FLORESTA DO PIAUI";-;-
"220400 FRANCINOPOLIS";-;-
"220415 FRANCISCO MACEDO";-;-
"220410 FRANCISCO AYRES";-;-
"230680 JAGUARIBARA";-;-
"230670 JAGUARETAMA";-;-
"230690 JAGUARIBE";-;-
"230710 JARDIM";-;-
"230700 JAGUARUANA";-;-
"230640 ITAPIPOCA";-;-
"230630 ITAPAJE";-;-
"230650 ITAPIUNA";-;-
"230660 ITATIRA";-;-
"230655 ITAREMA";-;-
"230720 JATI";-;-
"230765 MARACANAU";-;-
"230763 MADALENA";-;-
"230770 MARANGUAPE";-;-
"230790 MARTINOPOLE";-;-
"230780 MARCO";-;-
"230730 JUAZEIRO DO NORTE";-;-
"230725 JIJOCA DE JERICOACOARA";-;-
"230740 JUCAS";-;-
"230760 LIMOEIRO DO NORTE";-;-
"230750 LAVRAS DA MANGABEIRA";-;-
"230625 ITAITINGA";-;-
"230523 HORIZONTE";-;-
"230520 HIDROLANDIA";-;-
"230526 IBARETAMA";-;-
"230533 IBICUITINGA";-;-
"230530 IBIAPINA";-;-
"230490 GROAIRAS";-;-
"230480 GRANJEIRO";-;-
"230495 GUAIUBA";-;-
"230510 GUARAMIRANGA";-;-
"230500 GUARACIABA DO NORTE";-;-
"230535 ICAPUI";-;-
"230590 IPUEIRAS";-;-
"230580 IPU";-;-
"230600 IRACEMA";-;-
"230620 ITAICABA";-;-
"230610 IRAUCUBA";-;-
"230550 IGUATU";-;-
"230540 ICO";-;-
"230560 INDEPENDENCIA";-;-
"230570 IPAUMIRIM";-;-
"230565 IPAPORANGA";-;-
"230800 MASSAPE";-;-
"231050 PEDRA BRANCA";-;-
"231040 PARAMOTI";-;-
"231060 PENAFORTE";-;-
"231080 PEREIRO";-;-
"231070 PENTECOSTE";-;-
"231010 PALMACIA";-;-
"231000 PALHANO";-;-
"231020 PARACURU";-;-
"231030 PARAMBU";-;-
"231025 PARAIPABA";-;-
"231085 PINDORETAMA";-;-
"231126 QUITERIANOPOLIS";-;-
"231123 POTIRETAMA";-;-
"231130 QUIXADA";-;-
"231140 QUIXERAMOBIM";-;-
"231135 QUIXELO";-;-
"231095 PIRES FERREIRA";-;-
"231090 PIQUET CARNEIRO";-;-
"231100 PORANGA";-;-
"231120 POTENGI";-;-
"231110 PORTEIRAS";-;-
"230990 PACUJA";-;-
"230850 MOMBACA";-;-
"230840 MISSAO VELHA";-;-
"230860 MONSENHOR TABOSA";-;-
"230880 MORAUJO";-;-
"230870 MORADA NOVA";-;-
"230820 MERUOCA";-;-
"230810 MAURITI";-;-
"230830 MILAGRES";-;-
"230837 MIRAIMA";-;-
"230835 MILHA";-;-
"230890 MORRINHOS";-;-
"230950 OROS";-;-
"230945 OCARA";-;-
"230960 PACAJUS";-;-
"230980 PACOTI";-;-
"230970 PACATUBA";-;-
"230910 MULUNGU";-;-
"230900 MUCAMBO";-;-
"230920 NOVA OLINDA";-;-
"230940 NOVO ORIENTE";-;-
"230930 NOVA RUSSAS";-;-
"230470 GRANJA";-;-
"230040 AIUABA";-;-
"230030 ACOPIARA";-;-
"230050 ALCANTARAS";-;-
"230070 ALTO SANTO";-;-
"230060 ALTANEIRA";-;-
" MUNICIPIO IGNORADO - CE";-;-
"221170 WALL FERRAZ";-;-
"230010 ABAIARA";-;-
"230020 ACARAU";-;-
"230015 ACARAPE";-;-
"230075 AMONTADA";-;-
"230130 ARARIPE";-;-
"230125 ARARENDA";-;-
"230140 ARATUBA";-;-
"230160 ASSARE";-;-
"230150 ARNEIROZ";-;-
"230090 APUIARES";-;-
"230080 ANTONINA DO NORTE";-;-
"230100 AQUIRAZ";-;-
"230120 ARACOIABA";-;-
"230110 ARACATI";-;-
"221160 VILA NOVA DO PIAUI";-;-
"221063 SEBASTIAO LEAL";-;-
"221062 SEBASTIAO BARROS";-;-
"221065 SIGEFREDO PACHECO";-;-
"221080 SIMPLICIO MENDES";-;-
"221070 SIMOES";-;-
"221039 SAO MIGUEL DO FIDALGO";-;-
"221038 SAO MIGUEL DA BAIXA GRANDE";-;-
"221040 SAO MIGUEL DO TAPUIO";-;-
"221060 SAO RAIMUNDO NONATO";-;-
"221050 SAO PEDRO DO PIAUI";-;-
"221090 SOCORRO DO PIAUI";-;-
"221130 VALENCA DO PIAUI";-;-
"221120 URUCUI";-;-
"221135 VARZEA BRANCA";-;-
"221150 VERA MENDES";-;-
"221140 VARZEA GRANDE";-;-
"221095 TAMBORIL DO PIAUI";-;-
"221093 SUSSUAPARA";-;-
"221097 TANQUE DO PIAUI";-;-
"221110 UNIAO";-;-
"221100 TERESINA";-;-
"230170 AURORA";-;-
"230400 COREAU";-;-
"230395 CHOROZINHO";-;-
"230410 CRATEUS";-;-
"230423 CROATA";-;-
"230420 CRATO";-;-
"230370 CAUCAIA";-;-
"230365 CATUNDA";-;-
"230380 CEDRO";-;-
"230393 CHORO";-;-
"230390 CHAVAL";-;-
"230425 CRUZ";-;-
"230445 FORTIM";-;-
"230440 FORTALEZA";-;-
"230450 FRECHEIRINHA";-;-
"230465 GRACA";-;-
"230460 GENERAL SAMPAIO";-;-
"230427 ERERE";-;-
"230426 DEPUTADO IRAPUAN PINHEIRO";-;-
"230428 EUSEBIO";-;-
"230435 FORQUILHA";-;-
"230430 FARIAS BRITO";-;-
"230360 CATARINA";-;-
"230210 BATURITE";-;-
"230205 BARROQUINHA";-;-
"230220 BEBERIBE";-;-
"230240 BOA VIAGEM";-;-
"230230 BELA CRUZ";-;-
"230185 BANABUIU";-;-
"230180 BAIXIO";-;-
"230190 BARBALHA";-;-
"230200 BARRO";-;-
"230195 BARREIRA";-;-
"230250 BREJO SANTO";-;-
"230320 CARIRIACU";-;-
"230310 CARIRE";-;-
"230330 CARIUS";-;-
"230350 CASCAVEL";-;-
"230340 CARNAUBAL";-;-
"230270 CAMPOS SALES";-;-
"230260 CAMOCIM";-;-
"230280 CANINDE";-;-
"230300 CARIDADE";-;-
"230290 CAPISTRANO";-;-
"430195 BARRA FUNDA";-;-
"430192 BARRA DO RIO AZUL";-;-
"430200 BARROS CASSAL";-;-
"430210 BENTO GONCALVES";-;-
"430205 BENJAMIN CONSTANT DO SUL";-;-
"430180 BARRACAO";-;-
"430175 BARAO DO TRIUNFO";-;-
"430185 BARRA DO GUARITA";-;-
"430190 BARRA DO RIBEIRO";-;-
"430187 BARRA DO QUARAI";-;-
"430215 BOA VISTA DAS MISSOES";-;-
"430237 BOM PROGRESSO";-;-
"430235 BOM PRINCIPIO";-;-
"430240 BOM RETIRO DO SUL";-;-
"430250 BOSSOROCA";-;-
"430245 BOQUEIRAO DO LEAO";-;-
"430222 BOA VISTA DO CADEADO";-;-
"430220 BOA VISTA DO BURICA";-;-
"430223 BOA VISTA DO INCRA";-;-
"430230 BOM JESUS";-;-
"430225 BOA VISTA DO SUL";-;-
"430170 BARAO DE COTEGIPE";-;-
"430085 ARAMBARE";-;-
"430080 ANTONIO PRADO";-;-
"430087 ARARICA";-;-
"430100 ARROIO DO MEIO";-;-
"430090 ARATIBA";-;-
"430063 AMARAL FERRADOR";-;-
"430060 ALVORADA";-;-
"430064 AMETISTA DO SUL";-;-
"430070 ANTA GORDA";-;-
"430066 ANDRE DA ROCHA";-;-
"430105 ARROIO DO SAL";-;-
"430155 AUREA";-;-
"430150 AUGUSTO PESTANA";-;-
"430160 BAGE";-;-
"430165 BARAO";-;-
"430163 BALNEARIO PINHAL";-;-
"430110 ARROIO DOS RATOS";-;-
"430107 ARROIO DO PADRE";-;-
"430120 ARROIO DO TIGRE";-;-
"430140 ARVOREZINHA";-;-
"430130 ARROIO GRANDE";-;-
"430258 BOZANO";-;-
"430465 CAPAO DO CIPO";-;-
"430463 CAPAO DA CANOA";-;-
"430466 CAPAO DO LEAO";-;-
"430468 CAPELA DE SANTANA";-;-
"430467 CAPIVARI DO SUL";-;-
"430450 CANGUCU";-;-
"430440 CANELA";-;-
"430460 CANOAS";-;-
"430462 CAPAO BONITO DO SUL";-;-
"430461 CANUDOS DO VALE";-;-
"430469 CAPITAO";-;-
"430500 CATUIPE";-;-
"430495 CASEIROS";-;-
"430510 CAXIAS DO SUL";-;-
"430512 CERRITO";-;-
"430511 CENTENARIO";-;-
"430471 CARAA";-;-
"430470 CARAZINHO";-;-
"430480 CARLOS BARBOSA";-;-
"430490 CASCA";-;-
"430485 CARLOS GOMES";-;-
"430435 CANDIOTA";-;-
"430310 CACHOEIRINHA";-;-
"430300 CACHOEIRA DO SUL";-;-
"430320 CACIQUE DOBLE";-;-
"430340 CAICARA";-;-
"430330 CAIBATE";-;-
"430265 BROCHIER";-;-
"430260 BRAGA";-;-
"430270 BUTIA";-;-
"430290 CACEQUI";-;-
"430280 CACAPAVA DO SUL";-;-
"430350 CAMAQUA";-;-
"430400 CAMPO NOVO";-;-
"430390 CAMPO BOM";-;-
"430410 CAMPOS BORGES";-;-
"430430 CANDIDO GODOI";-;-
"430420 CANDELARIA";-;-
"430360 CAMBARA DO SUL";-;-
"430355 CAMARGO";-;-
"430367 CAMPESTRE DA SERRA";-;-
"430380 CAMPINAS DO SUL";-;-
"430370 CAMPINA DAS MISSOES";-;-
"421660 SAO JOSE";-;-
"421650 SAO JOAQUIM";-;-
"421670 SAO JOSE DO CEDRO";-;-
"421690 SAO LOURENCO DO OESTE";-;-
"421680 SAO JOSE DO CERRITO";-;-
"421625 SAO JOAO DO OESTE";-;-
"421620 SAO FRANCISCO DO SUL";-;-
"421630 SAO JOAO BATISTA";-;-
"421640 SAO JOAO DO SUL";-;-
"421635 SAO JOAO DO ITAPERIU";-;-
"421700 SAO LUDGERO";-;-
"421750 SEARA";-;-
"421740 SCHROEDER";-;-
"421755 SERRA ALTA";-;-
"421770 SOMBRIO";-;-
"421760 SIDEROPOLIS";-;-
"421715 SAO MIGUEL DA BOA VISTA";-;-
"421710 SAO MARTINHO";-;-
"421720 SAO MIGUEL DO OESTE";-;-
"421730 SAUDADES";-;-
"421725 SAO PEDRO DE ALCANTARA";-;-
"421610 SAO DOMINGOS";-;-
"421540 SALTO VELOSO";-;-
"421535 SALTINHO";-;-
"421545 SANGAO";-;-
"421555 SANTA HELENA";-;-
"421550 SANTA CECILIA";-;-
"421507 RIQUEZA";-;-
"421505 RIO RUFINO";-;-
"421510 RODEIO";-;-
"421530 SALETE";-;-
"421520 ROMELANDIA";-;-
"421560 SANTA ROSA DE LIMA";-;-
"421580 SAO BENTO DO SUL";-;-
"421575 SAO BERNARDINO";-;-
"421590 SAO BONIFACIO";-;-
"421605 SAO CRISTOVAO DO SUL";-;-
"421600 SAO CARLOS";-;-
"421567 SANTA TEREZINHA";-;-
"421565 SANTA ROSA DO SUL";-;-
"421568 SANTA TEREZINHA DO PROGRESSO";-;-
"421570 SANTO AMARO DA IMPERATRIZ";-;-
"421569 SANTIAGO DO SUL";-;-
"421775 SUL BRASIL";-;-
"421970 XAXIM";-;-
"421960 XAVANTINA";-;-
"421985 ZORTEA";-;-
" MUNICIPIO IGNORADO - RS";-;-
"422000 BALNEARIO RINCAO";-;-
"421930 VIDEIRA";-;-
"421920 VIDAL RAMOS";-;-
"421935 VITOR MEIRELES";-;-
"421950 XANXERE";-;-
"421940 WITMARSUM";-;-
"430003 ACEGUA";-;-
"430047 ALMIRANTE TAMANDARE DO SUL";-;-
"430045 ALEGRIA";-;-
"430050 ALPESTRE";-;-
"430057 ALTO FELIZ";-;-
"430055 ALTO ALEGRE";-;-
"430010 AGUDO";-;-
"430005 AGUA SANTA";-;-
"430020 AJURICABA";-;-
"430040 ALEGRETE";-;-
"430030 ALECRIM";-;-
"421917 VARGEM BONITA";-;-
"421825 TIMBO GRANDE";-;-
"421820 TIMBO";-;-
"421830 TRES BARRAS";-;-
"421840 TREZE DE MAIO";-;-
"421835 TREVISO";-;-
"421790 TANGARA";-;-
"421780 TAIO";-;-
"421795 TIGRINHOS";-;-
"421810 TIMBE DO SUL";-;-
"421800 TIJUCAS";-;-
"421850 TREZE TILIAS";-;-
"421895 URUPEMA";-;-
"421890 URUBICI";-;-
"421900 URUSSANGA";-;-
"421915 VARGEM";-;-
"421910 VARGEAO";-;-
"421870 TUBARAO";-;-
"421860 TROMBUDO CENTRAL";-;-
"421875 TUNAPOLIS";-;-
"421885 UNIAO DO OESTE";-;-
"421880 TURVO";-;-
"431060 ITAQUI";-;-
"431057 ITAPUCA";-;-
"431065 ITATI";-;-
"431075 IVORA";-;-
"431070 ITATIBA DO SUL";-;-
"431046 IPIRANGA DO SUL";-;-
"431043 IPE";-;-
"431050 IRAI";-;-
"431055 ITACURUBI";-;-
"431053 ITAARA";-;-
"431080 IVOTI";-;-
"431113 JARI";-;-
"431112 JAQUIRANA";-;-
"431115 JOIA";-;-
"431123 LAGOA BONITA DO SUL";-;-
"431120 JULIO DE CASTILHOS";-;-
"431087 JACUIZINHO";-;-
"431085 JABOTICABA";-;-
"431090 JACUTINGA";-;-
"431110 JAGUARI";-;-
"431100 JAGUARAO";-;-
"431041 INHACORA";-;-
"430957 HERVEIRAS";-;-
"430955 HARMONIA";-;-
"430960 HORIZONTINA";-;-
"430970 HUMAITA";-;-
"430965 HULHA NEGRA";-;-
"430925 GUABIJU";-;-
"430920 GRAVATAI";-;-
"430930 GUAIBA";-;-
"430950 GUARANI DAS MISSOES";-;-
"430940 GUAPORE";-;-
"430975 IBARAMA";-;-
"431030 ILOPOLIS";-;-
"431020 IJUI";-;-
"431033 IMBE";-;-
"431040 INDEPENDENCIA";-;-
"431036 IMIGRANTE";-;-
"430990 IBIRAIARAS";-;-
"430980 IBIACA";-;-
"430995 IBIRAPUITA";-;-
"431010 IGREJINHA";-;-
"431000 IBIRUBA";-;-
"431125 LAGOAO";-;-
"431238 MONTE BELO DO SUL";-;-
"431237 MONTE ALEGRE DOS CAMPOS";-;-
"431240 MONTENEGRO";-;-
"431244 MORRINHOS DO SUL";-;-
"431242 MORMACO";-;-
"431220 MAXIMILIANO DE ALMEIDA";-;-
"431217 MATO QUEIMADO";-;-
"431225 MINAS DO LEAO";-;-
"431235 MONTAURI";-;-
"431230 MIRAGUAI";-;-
"431245 MORRO REDONDO";-;-
"431267 NICOLAU VERGUEIRO";-;-
"431265 NAO-ME-TOQUE";-;-
"431270 NONOAI";-;-
"431280 NOVA ARACA";-;-
"431275 NOVA ALVORADA";-;-
"431250 MOSTARDAS";-;-
"431247 MORRO REUTER";-;-
"431260 MUCUM";-;-
"431262 MULITERNO";-;-
"431261 MUITOS CAPOES";-;-
"431215 MATO LEITAO";-;-
"431162 LINDOLFO COLLOR";-;-
"431160 LIBERATO SALZANO";-;-
"431164 LINHA NOVA";-;-
"431171 MACAMBARA";-;-
"431170 MACHADINHO";-;-
"431130 LAGOA VERMELHA";-;-
"431127 LAGOA DOS TRES CANTOS";-;-
"431140 LAJEADO";-;-
"431150 LAVRAS DO SUL";-;-
"431142 LAJEADO DO BUGRE";-;-
"431173 MAMPITUBA";-;-
"431200 MARIANO MORO";-;-
"431198 MARIANA PIMENTEL";-;-
"431205 MARQUES DE SOUZA";-;-
"431213 MATO CASTELHANO";-;-
"431210 MATA";-;-
"431177 MAQUINE";-;-
"431175 MANOEL VIANA";-;-
"431179 MARATA";-;-
"431190 MARCELINO RAMOS";-;-
"431180 MARAU";-;-
"430620 CRUZEIRO DO SUL";-;-
"430613 CRUZALTENSE";-;-
"430630 DAVID CANABARRO";-;-
"430635 DEZESSEIS DE NOVEMBRO";-;-
"430632 DERRUBADAS";-;-
"430600 CRISSIUMAL";-;-
"430597 COXILHA";-;-
"430605 CRISTAL";-;-
"430610 CRUZ ALTA";-;-
"430607 CRISTAL DO SUL";-;-
"430637 DILERMANDO DE AGUIAR";-;-
"430670 DONA FRANCISCA";-;-
"430660 DOM PEDRITO";-;-
"430673 DOUTOR MAURICIO CARDOSO";-;-
"430676 ELDORADO DO SUL";-;-
"430675 DOUTOR RICARDO";-;-
"430642 DOIS IRMAOS DAS MISSOES";-;-
"430640 DOIS IRMAOS";-;-
"430645 DOIS LAJEADOS";-;-
"430655 DOM PEDRO DE ALCANTARA";-;-
"430650 DOM FELICIANO";-;-
"430595 COTIPORA";-;-
"430537 CHARRUA";-;-
"430535 CHARQUEADAS";-;-
"430540 CHIAPETTA";-;-
"430544 CHUVISCA";-;-
"430543 CHUI";-;-
"430515 CERRO GRANDE";-;-
"430513 CERRO BRANCO";-;-
"430517 CERRO GRANDE DO SUL";-;-
"430530 CHAPADA";-;-
"430520 CERRO LARGO";-;-
"430545 CIDREIRA";-;-
"430585 COQUEIROS DO SUL";-;-
"430583 COQUEIRO BAIXO";-;-
"430587 CORONEL BARROS";-;-
"430593 CORONEL PILAR";-;-
"430590 CORONEL BICACO";-;-
"430558 COLINAS";-;-
"430550 CIRIACO";-;-
"430560 COLORADO";-;-
"430580 CONSTANTINA";-;-
"430570 CONDOR";-;-
"430680 ENCANTADO";-;-
"430840 FORMIGUEIRO";-;-
"430830 FONTOURA XAVIER";-;-
"430843 FORQUETINHA";-;-
"430850 FREDERICO WESTPHALEN";-;-
"430845 FORTALEZA DOS VALOS";-;-
"430807 FAZENDA VILANOVA";-;-
"430805 FAXINALZINHO";-;-
"430810 FELIZ";-;-
"430825 FLORIANO PEIXOTO";-;-
"430820 FLORES DA CUNHA";-;-
"430860 GARIBALDI";-;-
"430905 GLORINHA";-;-
"430900 GIRUA";-;-
"430910 GRAMADO";-;-
"430915 GRAMADO XAVIER";-;-
"430912 GRAMADO DOS LOUREIROS";-;-
"430870 GAURAMA";-;-
"430865 GARRUCHOS";-;-
"430880 GENERAL CAMARA";-;-
"430890 GETULIO VARGAS";-;-
"430885 GENTIL";-;-
"430800 FAXINAL DO SOTURNO";-;-
"430705 ERNESTINA";-;-
"430700 ERECHIM";-;-
"430710 HERVAL";-;-
"430730 ERVAL SECO";-;-
"430720 ERVAL GRANDE";-;-
"430692 ENGENHO VELHO";-;-
"430690 ENCRUZILHADA DO SUL";-;-
"430693 ENTRE-IJUIS";-;-
"430697 EREBANGO";-;-
"430695 ENTRE RIOS DO SUL";-;-
"430740 ESMERALDA";-;-
"430781 ESTRELA VELHA";-;-
"430780 ESTRELA";-;-
"430783 EUGENIO DE CASTRO";-;-
"430790 FARROUPILHA";-;-
"430786 FAGUNDES VARELA";-;-
"430750 ESPUMOSO";-;-
"430745 ESPERANCA DO SUL";-;-
"430755 ESTACAO";-;-
"430770 ESTEIO";-;-
"430760 ESTANCIA VELHA";-;-
"412820 UNIAO DA VITORIA";-;-
"412800 UBIRATA";-;-
"412830 UNIFLOR";-;-
"412850 WENCESLAU BRAZ";-;-
"412840 URAI";-;-
"412788 TUNAS DO PARANA";-;-
"412785 TRES BARRAS DO PARANA";-;-
"412790 TUNEIRAS DO OESTE";-;-
"412796 TURVO";-;-
"412795 TUPASSI";-;-
"412853 VENTANIA";-;-
"412880 XAMBRE";-;-
"412870 VITORINO";-;-
" MUNICIPIO IGNORADO - SC";-;-
"420010 ABELARDO LUZ";-;-
"420005 ABDON BATISTA";-;-
"412860 VERE";-;-
"412855 VERA CRUZ DO OESTE";-;-
"412862 ALTO PARAISO";-;-
"412865 VIRMOND";-;-
"412863 DOUTOR ULYSSES";-;-
"412780 TOMAZINA";-;-
"412650 SERTANOPOLIS";-;-
"412640 SERTANEJA";-;-
"412660 SIQUEIRA CAMPOS";-;-
"412667 TAMARANA";-;-
"412665 SULINA";-;-
"412625 SARANDI";-;-
"412620 SAPOPEMA";-;-
"412627 SAUDADE DO IGUACU";-;-
"412635 SERRANOPOLIS DO IGUACU";-;-
"412630 SENGES";-;-
"412670 TAMBOARA";-;-
"412740 TERRA ROXA";-;-
"412730 TERRA RICA";-;-
"412750 TIBAGI";-;-
"412770 TOLEDO";-;-
"412760 TIJUCAS DO SUL";-;-
"412690 TAPIRA";-;-
"412680 TAPEJARA";-;-
"412700 TEIXEIRA SOARES";-;-
"412720 TERRA BOA";-;-
"412710 TELEMACO BORBA";-;-
"420020 AGROLANDIA";-;-
"420210 BARRA VELHA";-;-
"420209 BARRA BONITA";-;-
"420213 BELA VISTA DO TOLDO";-;-
"420220 BENEDITO NOVO";-;-
"420215 BELMONTE";-;-
"420200 BALNEARIO CAMBORIU";-;-
"420195 BALNEARIO ARROIO DO SILVA";-;-
"420205 BALNEARIO BARRA DO SUL";-;-
"420208 BANDEIRANTE";-;-
"420207 BALNEARIO GAIVOTA";-;-
"420230 BIGUACU";-;-
"420260 BOM RETIRO";-;-
"420257 BOM JESUS DO OESTE";-;-
"420270 BOTUVERA";-;-
"420285 BRACO DO TROMBUDO";-;-
"420280 BRACO DO NORTE";-;-
"420243 BOCAINA DO SUL";-;-
"420240 BLUMENAU";-;-
"420245 BOMBINHAS";-;-
"420253 BOM JESUS";-;-
"420250 BOM JARDIM DA SERRA";-;-
"420190 AURORA";-;-
"420075 ALTO BELA VISTA";-;-
"420070 ALFREDO WAGNER";-;-
"420080 ANCHIETA";-;-
"420100 ANITA GARIBALDI";-;-
"420090 ANGELINA";-;-
"420040 AGUA DOCE";-;-
"420030 AGRONOMICA";-;-
"420050 AGUAS DE CHAPECO";-;-
"420060 AGUAS MORNAS";-;-
"420055 AGUAS FRIAS";-;-
"420110 ANITAPOLIS";-;-
"420160 ARROIO TRINTA";-;-
"420150 ARMAZEM";-;-
"420165 ARVOREDO";-;-
"420180 ATALANTA";-;-
"420170 ASCURRA";-;-
"420125 APIUNA";-;-
"420120 ANTONIO CARLOS";-;-
"420127 ARABUTA";-;-
"420140 ARARANGUA";-;-
"420130 ARAQUARI";-;-
"412150 REBOUCAS";-;-
"412140 REALEZA";-;-
"412160 RENASCENCA";-;-
"412175 RESERVA DO IGUACU";-;-
"412170 RESERVA";-;-
"412120 QUITANDINHA";-;-
"412110 QUINTA DO SOL";-;-
"412125 RAMILANDIA";-;-
"412135 RANCHO ALEGRE D'OESTE";-;-
"412130 RANCHO ALEGRE";-;-
"412180 RIBEIRAO CLARO";-;-
"412230 RIO NEGRO";-;-
"412220 RIO BRANCO DO SUL";-;-
"412240 ROLANDIA";-;-
"412260 RONDON";-;-
"412250 RONCADOR";-;-
"412200 RIO AZUL";-;-
"412190 RIBEIRAO DO PINHAL";-;-
"412210 RIO BOM";-;-
"412217 RIO BRANCO DO IVAI";-;-
"412215 RIO BONITO DO IGUACU";-;-
"412100 QUERENCIA DO NORTE";-;-
"412000 PORECATU";-;-
"411995 PONTAL DO PARANA";-;-
"412010 PORTO AMAZONAS";-;-
"412020 PORTO RICO";-;-
"412015 PORTO BARREIRO";-;-
"411950 PIRAQUARA";-;-
"411940 PIRAI DO SUL";-;-
"411960 PITANGA";-;-
"411970 PLANALTINA DO PARANA";-;-
"411965 PITANGUEIRAS";-;-
"412030 PORTO VITORIA";-;-
"412070 QUATIGUA";-;-
"412065 QUARTO CENTENARIO";-;-
"412080 QUATRO BARRAS";-;-
"412090 QUEDAS DO IGUACU";-;-
"412085 QUATRO PONTES";-;-
"412035 PRANCHITA";-;-
"412033 PRADO FERREIRA";-;-
"412040 PRESIDENTE CASTELO BRANCO";-;-
"412060 PRUDENTOPOLIS";-;-
"412050 PRIMEIRO DE MAIO";-;-
"412265 ROSARIO DO IVAI";-;-
"412500 SAO JOAO DO IVAI";-;-
"412490 SAO JOAO DO CAIUA";-;-
"412510 SAO JOAO DO TRIUNFO";-;-
"412530 SAO JORGE DO IVAI";-;-
"412520 SAO JORGE D'OESTE";-;-
"412450 SANTO INACIO";-;-
"412440 SANTO ANTONIO DO SUDOESTE";-;-
"412460 SAO CARLOS DO IVAI";-;-
"412480 SAO JOAO";-;-
"412470 SAO JERONIMO DA SERRA";-;-
"412535 SAO JORGE DO PATROCINIO";-;-
"412580 SAO PEDRO DO IVAI";-;-
"412575 SAO PEDRO DO IGUACU";-;-
"412590 SAO PEDRO DO PARANA";-;-
"412610 SAO TOME";-;-
"412600 SAO SEBASTIAO DA AMOREIRA";-;-
"412545 SAO JOSE DAS PALMEIRAS";-;-
"412540 SAO JOSE DA BOA VISTA";-;-
"412555 SAO MANOEL DO PARANA";-;-
"412570 SAO MIGUEL DO IGUACU";-;-
"412560 SAO MATEUS DO SUL";-;-
"412430 SANTO ANTONIO DO PARAISO";-;-
"412330 SANTA CRUZ DE MONTE CASTELO";-;-
"412320 SANTA CECILIA DO PAVAO";-;-
"412340 SANTA FE";-;-
"412360 SANTA INES";-;-
"412350 SANTA HELENA";-;-
"412280 SALGADO FILHO";-;-
"412270 SABAUDIA";-;-
"412290 SALTO DO ITARARE";-;-
"412310 SANTA AMELIA";-;-
"412300 SALTO DO LONTRA";-;-
"412370 SANTA ISABEL DO IVAI";-;-
"412402 SANTA TEREZA DO OESTE";-;-
"412400 SANTANA DO ITARARE";-;-
"412405 SANTA TEREZINHA DE ITAIPU";-;-
"412420 SANTO ANTONIO DO CAIUA";-;-
"412410 SANTO ANTONIO DA PLATINA";-;-
"412382 SANTA LUCIA";-;-
"412380 SANTA IZABEL DO OESTE";-;-
"412385 SANTA MARIA DO OESTE";-;-
"412395 SANTA MONICA";-;-
"412390 SANTA MARIANA";-;-
"421085 MIRIM DOCE";-;-
"421080 MELEIRO";-;-
"421090 MODELO";-;-
"421105 MONTE CARLO";-;-
"421100 MONDAI";-;-
"421050 MARAVILHA";-;-
"421040 MARACAJA";-;-
"421055 MAREMA";-;-
"421070 MATOS COSTA";-;-
"421060 MASSARANDUBA";-;-
"421110 MONTE CASTELO";-;-
"421160 NOVA VENEZA";-;-
"421150 NOVA TRENTO";-;-
"421165 NOVO HORIZONTE";-;-
"421175 OTACILIO COSTA";-;-
"421170 ORLEANS";-;-
"421125 MORRO GRANDE";-;-
"421120 MORRO DA FUMACA";-;-
"421130 NAVEGANTES";-;-
"421145 NOVA ITABERABA";-;-
"421140 NOVA ERECHIM";-;-
"421030 MAJOR VIEIRA";-;-
"420920 LACERDOPOLIS";-;-
"420917 JUPIA";-;-
"420930 LAGES";-;-
"420945 LAJEADO GRANDE";-;-
"420940 LAGUNA";-;-
"420895 JARDINOPOLIS";-;-
"420890 JARAGUA DO SUL";-;-
"420900 JOACABA";-;-
"420915 JOSE BOITEUX";-;-
"420910 JOINVILLE";-;-
"420950 LAURENTINO";-;-
"421003 LUZERNA";-;-
"421000 LUIZ ALVES";-;-
"421005 MACIEIRA";-;-
"421020 MAJOR GERCINO";-;-
"421010 MAFRA";-;-
"420970 LEBON REGIS";-;-
"420960 LAURO MULLER";-;-
"420980 LEOBERTO LEAL";-;-
"420990 LONTRAS";-;-
"420985 LINDOIA DO SUL";-;-
"421180 OURO";-;-
"421370 POUSO REDONDO";-;-
"421360 PORTO UNIAO";-;-
"421380 PRAIA GRANDE";-;-
"421400 PRESIDENTE GETULIO";-;-
"421390 PRESIDENTE CASTELLO BRANCO";-;-
"421330 PONTE ALTA";-;-
"421320 POMERODE";-;-
"421335 PONTE ALTA DO NORTE";-;-
"421350 PORTO BELO";-;-
"421340 PONTE SERRADA";-;-
"421410 PRESIDENTE NEREU";-;-
"421470 RIO DOS CEDROS";-;-
"421460 RIO DO OESTE";-;-
"421480 RIO DO SUL";-;-
"421500 RIO NEGRINHO";-;-
"421490 RIO FORTUNA";-;-
"421420 QUILOMBO";-;-
"421415 PRINCESA";-;-
"421430 RANCHO QUEIMADO";-;-
"421450 RIO DO CAMPO";-;-
"421440 RIO DAS ANTAS";-;-
"421315 PLANALTO ALEGRE";-;-
"421210 PALMITOS";-;-
"421205 PALMEIRA";-;-
"421220 PAPANDUVA";-;-
"421225 PASSO DE TORRES";-;-
"421223 PARAISO";-;-
"421187 PAIAL";-;-
"421185 OURO VERDE";-;-
"421189 PAINEL";-;-
"421200 PALMA SOLA";-;-
"421190 PALHOCA";-;-
"421227 PASSOS MAIA";-;-
"421280 BALNEARIO PICARRAS";-;-
"421270 PETROLANDIA";-;-
"421290 PINHALZINHO";-;-
"421310 PIRATUBA";-;-
"421300 PINHEIRO PRETO";-;-
"421240 PEDRAS GRANDES";-;-
"421230 PAULO LOPES";-;-
"421250 PENHA";-;-
"421265 PESCARIA BRAVA";-;-
"421260 PERITIBA";-;-
"420460 CRICIUMA";-;-
"420455 CORREIA PINTO";-;-
"420470 CUNHA PORA";-;-
"420480 CURITIBANOS";-;-
"420475 CUNHATAI";-;-
"420435 CORDILHEIRA ALTA";-;-
"420430 CONCORDIA";-;-
"420440 CORONEL FREITAS";-;-
"420450 CORUPA";-;-
"420445 CORONEL MARTINS";-;-
"420490 DESCANSO";-;-
"420530 FAXINAL DOS GUEDES";-;-
"420520 ERVAL VELHO";-;-
"420535 FLOR DO SERTAO";-;-
"420543 FORMOSA DO SUL";-;-
"420540 FLORIANOPOLIS";-;-
"420510 DONA EMMA";-;-
"420500 DIONISIO CERQUEIRA";-;-
"420515 DOUTOR PEDRINHO";-;-
"420519 ERMO";-;-
"420517 ENTRE RIOS";-;-
"420425 COCAL DO SUL";-;-
"420325 CAPAO ALTO";-;-
"420320 CAMBORIU";-;-
"420330 CAMPO ALEGRE";-;-
"420350 CAMPO ERE";-;-
"420340 CAMPO BELO DO SUL";-;-
"420290 BRUSQUE";-;-
"420287 BRUNOPOLIS";-;-
"420300 CACADOR";-;-
"420315 CALMON";-;-
"420310 CAIBI";-;-
"420360 CAMPOS NOVOS";-;-
"420415 CELSO RAMOS";-;-
"420410 CAXAMBU DO SUL";-;-
"420417 CERRO NEGRO";-;-
"420420 CHAPECO";-;-
"420419 CHAPADAO DO LAGEADO";-;-
"420380 CANOINHAS";-;-
"420370 CANELINHA";-;-
"420390 CAPINZAL";-;-
"420400 CATANDUVAS";-;-
"420395 CAPIVARI DE BAIXO";-;-
"420545 FORQUILHINHA";-;-
"420770 IPUMIRIM";-;-
"420768 IPUACU";-;-
"420775 IRACEMINHA";-;-
"420785 IRATI";-;-
"420780 IRANI";-;-
"420750 INDAIAL";-;-
"420740 IMBUIA";-;-
"420757 IOMERE";-;-
"420765 IPORA DO OESTE";-;-
"420760 IPIRA";-;-
"420790 IRINEOPOLIS";-;-
"420850 ITUPORANGA";-;-
"420845 ITAPOA";-;-
"420860 JABORA";-;-
"420880 JAGUARUNA";-;-
"420870 JACINTO MACHADO";-;-
"420810 ITAIOPOLIS";-;-
"420800 ITA";-;-
"420820 ITAJAI";-;-
"420840 ITAPIRANGA";-;-
"420830 ITAPEMA";-;-
"420730 IMBITUBA";-;-
"420600 GOVERNADOR CELSO RAMOS";-;-
"420590 GASPAR";-;-
"420610 GRAO-PARA";-;-
"420630 GUABIRUBA";-;-
"420620 GRAVATAL";-;-
"420555 FREI ROGERIO";-;-
"420550 FRAIBURGO";-;-
"420560 GALVAO";-;-
"420580 GARUVA";-;-
"420570 GAROPABA";-;-
"420640 GUARACIABA";-;-
"420690 IBIRAMA";-;-
"420680 IBICARE";-;-
"420700 ICARA";-;-
"420720 IMARUI";-;-
"420710 ILHOTA";-;-
"420660 GUARUJA DO SUL";-;-
"420650 GUARAMIRIM";-;-
"420665 GUATAMBU";-;-
"420675 IBIAM";-;-
"420670 HERVAL D'OESTE";-;-
"431290 NOVA BASSANO";-;-
"520110 ANAPOLIS";-;-
"520090 AMORINOPOLIS";-;-
"520120 ANHANGUERA";-;-
"520140 APARECIDA DE GOIANIA";-;-
"520130 ANICUNS";-;-
"520060 ALTO PARAISO DE GOIAS";-;-
"520055 ALTO HORIZONTE";-;-
"520080 ALVORADA DO NORTE";-;-
"520085 AMERICANO DO BRASIL";-;-
"520082 AMARALINA";-;-
"520145 APARECIDA DO RIO DOCE";-;-
"520250 ARUANA";-;-
"520235 ARENOPOLIS";-;-
"520260 AURILANDIA";-;-
"520310 BALIZA";-;-
"520280 AVELINOPOLIS";-;-
"520160 ARACU";-;-
"520150 APORE";-;-
"520170 ARAGARCAS";-;-
"520215 ARAGUAPAZ";-;-
"520180 ARAGOIANIA";-;-
"520050 ALOANDIA";-;-
"510850 VERA";-;-
"510840 VARZEA GRANDE";-;-
"510860 VILA RICA";-;-
"510885 NOVA MARILANDIA";-;-
"510880 NOVA GUARITA";-;-
"510810 TESOURO";-;-
"510805 TERRA NOVA DO NORTE";-;-
"510820 TORIXOREU";-;-
"510835 VALE DE SAO DOMINGOS";-;-
"510830 UNIAO DO SUL";-;-
"510890 NOVA MARINGA";-;-
"520017 AGUA FRIA DE GOIAS";-;-
"520015 ADELANDIA";-;-
"520020 AGUA LIMPA";-;-
"520030 ALEXANIA";-;-
"520025 AGUAS LINDAS DE GOIAS";-;-
" MUNICIPIO IGNORADO - GO";-;-
"510895 NOVA MONTE VERDE";-;-
"520005 ABADIA DE GOIAS";-;-
"520013 ACREUNA";-;-
"520010 ABADIANIA";-;-
"520320 BARRO ALTO";-;-
"520520 CATURAI";-;-
"520510 CATALAO";-;-
"520530 CAVALCANTE";-;-
"520545 CEZARINA";-;-
"520540 CERES";-;-
"520490 CAMPOS BELOS";-;-
"520485 CAMPO LIMPO DE GOIAS";-;-
"520495 CAMPOS VERDES";-;-
"520505 CASTELANDIA";-;-
"520500 CARMO DO RIO VERDE";-;-
"520547 CHAPADAO DO CEU";-;-
"520620 CRISTALINA";-;-
"520590 CORUMBAIBA";-;-
"520630 CRISTIANOPOLIS";-;-
"520650 CROMINIA";-;-
"520640 CRIXAS";-;-
"520551 COCALZINHO DE GOIAS";-;-
"520549 CIDADE OCIDENTAL";-;-
"520552 COLINAS DO SUL";-;-
"520580 CORUMBA DE GOIAS";-;-
"520570 CORREGO DO OURO";-;-
"520480 CAMPO ALEGRE DE GOIAS";-;-
"520380 BRITANIA";-;-
"520360 BRAZABRANTES";-;-
"520390 BURITI ALEGRE";-;-
"520396 BURITINOPOLIS";-;-
"520393 BURITI DE GOIAS";-;-
"520340 BOM JARDIM DE GOIAS";-;-
"520330 BELA VISTA DE GOIAS";-;-
"520350 BOM JESUS DE GOIAS";-;-
"520357 BONOPOLIS";-;-
"520355 BONFINOPOLIS";-;-
"520400 CABECEIRAS";-;-
"520455 CALDAZINHA";-;-
"520450 CALDAS NOVAS";-;-
"520460 CAMPESTRE DE GOIAS";-;-
"520470 CAMPINORTE";-;-
"520465 CAMPINACU";-;-
"520420 CACHOEIRA DE GOIAS";-;-
"520410 CACHOEIRA ALTA";-;-
"520425 CACHOEIRA DOURADA";-;-
"520440 CAIAPONIA";-;-
"520430 CACU";-;-
"510610 NOSSA SENHORA DO LIVRAMENTO";-;-
"510600 NORTELANDIA";-;-
"510615 NOVA BANDEIRANTES";-;-
"510618 NOVA LACERDA";-;-
"510617 NOVA NAZARE";-;-
"510558 MARCELANDIA";-;-
"510550 VILA BELA DA SANTISSIMA TRINDADE";-;-
"510560 MATUPA";-;-
"510590 NOBRES";-;-
"510562 MIRASSOL D'OESTE";-;-
"510619 NOVA SANTA HELENA";-;-
"510626 NOVO MUNDO";-;-
"510625 NOVA XAVANTINA";-;-
"510627 NOVO HORIZONTE DO NORTE";-;-
"510629 PARANAITA";-;-
"510628 NOVO SAO JOAQUIM";-;-
"510621 NOVA CANAA DO NORTE";-;-
"510620 NOVA BRASILANDIA";-;-
"510622 NOVA MUTUM";-;-
"510624 NOVA UBIRATA";-;-
"510623 NOVA OLIMPIA";-;-
"510530 LUCIARA";-;-
"510420 GUIRATINGA";-;-
"510410 GUARANTA DO NORTE";-;-
"510450 INDIAVAI";-;-
"510454 ITANHANGA";-;-
"510452 IPIRANGA DO NORTE";-;-
"510380 FIGUEIROPOLIS D'OESTE";-;-
"510370 FELIZ NATAL";-;-
"510385 GAUCHA DO NORTE";-;-
"510395 GLORIA D'OESTE";-;-
"510390 GENERAL CARNEIRO";-;-
"510455 ITAUBA";-;-
"510517 JURUENA";-;-
"510515 JUINA";-;-
"510520 JUSCIMEIRA";-;-
"510525 LUCAS DO RIO VERDE";-;-
"510523 LAMBARI D'OESTE";-;-
"510480 JACIARA";-;-
"510460 ITIQUIRA";-;-
"510490 JANGADA";-;-
"510510 JUARA";-;-
"510500 JAURU";-;-
"510630 PARANATINGA";-;-
"510770 ROSARIO OESTE";-;-
"510760 RONDONOPOLIS";-;-
"510774 SANTA CRUZ DO XINGU";-;-
"510776 SANTA RITA DO TRIVELATO";-;-
"510775 SALTO DO CEU";-;-
"510730 SAO JOSE DO RIO CLARO";-;-
"510729 SAO JOSE DO POVO";-;-
"510735 SAO JOSE DO XINGU";-;-
"510757 RONDOLANDIA";-;-
"510740 SAO PEDRO DA CIPA";-;-
"510777 SANTA TEREZINHA";-;-
"510792 SORRISO";-;-
"510790 SINOP";-;-
"510794 TABAPORA";-;-
"510800 TAPURAH";-;-
"510795 TANGARA DA SERRA";-;-
"510780 SANTO ANTONIO DO LEVERGER";-;-
"510779 SANTO ANTONIO DO LESTE";-;-
"510785 SAO FELIX DO ARAGUAIA";-;-
"510788 SERRA NOVA DOURADA";-;-
"510787 SAPEZAL";-;-
"510726 SANTO AFONSO";-;-
"510670 PONTE BRANCA";-;-
"510665 PONTAL DO ARAGUAIA";-;-
"510675 PONTES E LACERDA";-;-
"510680 PORTO DOS GAUCHOS";-;-
"510677 PORTO ALEGRE DO NORTE";-;-
"510637 PEDRA PRETA";-;-
"510631 NOVO SANTO ANTONIO";-;-
"510642 PEIXOTO DE AZEVEDO";-;-
"510650 POCONE";-;-
"510645 PLANALTO DA SERRA";-;-
"510682 PORTO ESPERIDIAO";-;-
"510718 RIBEIRAO CASCALHEIRA";-;-
"510715 RESERVA DO CABACAL";-;-
"510719 RIBEIRAOZINHO";-;-
"510724 SANTA CARMEM";-;-
"510720 RIO BRANCO";-;-
"510700 POXOREO";-;-
"510685 PORTO ESTRELA";-;-
"510704 PRIMAVERA DO LESTE";-;-
"510710 SAO JOSE DOS QUATRO MARCOS";-;-
"510706 QUERENCIA";-;-
"521805 PORTEIRAO";-;-
"521800 PORANGATU";-;-
"521810 PORTELANDIA";-;-
"521839 PROFESSOR JAMIL";-;-
"521830 POSSE";-;-
"521730 PIRENOPOLIS";-;-
"521720 PIRANHAS";-;-
"521740 PIRES DO RIO";-;-
"521770 PONTALINA";-;-
"521760 PLANALTINA";-;-
"521850 QUIRINOPOLIS";-;-
"521910 SANTA BARBARA DE GOIAS";-;-
"521900 SANCLERLANDIA";-;-
"521920 SANTA CRUZ DE GOIAS";-;-
"521930 SANTA HELENA DE GOIAS";-;-
"521925 SANTA FE DE GOIAS";-;-
"521870 RIANAPOLIS";-;-
"521860 RIALMA";-;-
"521878 RIO QUENTE";-;-
"521890 RUBIATABA";-;-
"521880 RIO VERDE";-;-
"521710 PIRACANJUBA";-;-
"521525 NOVO PLANALTO";-;-
"521523 NOVO GAMA";-;-
"521530 ORIZONA";-;-
"521550 OUVIDOR";-;-
"521540 OURO VERDE DE GOIAS";-;-
"521487 NOVA IGUACU DE GOIAS";-;-
"521486 NOVA GLORIA";-;-
"521490 NOVA ROMA";-;-
"521520 NOVO BRASIL";-;-
"521500 NOVA VENEZA";-;-
"521560 PADRE BERNARDO";-;-
"521640 PARAUNA";-;-
"521630 PARANAIGUARA";-;-
"521645 PEROLANDIA";-;-
"521690 PILAR DE GOIAS";-;-
"521680 PETROLINA DE GOIAS";-;-
"521570 PALMEIRAS DE GOIAS";-;-
"521565 PALESTINA DE GOIAS";-;-
"521580 PALMELO";-;-
"521600 PANAMA";-;-
"521590 PALMINOPOLIS";-;-
"521935 SANTA ISABEL";-;-
"522145 TROMBAS";-;-
"522140 TRINDADE";-;-
"522150 TURVANIA";-;-
"522157 UIRAPURU";-;-
"522155 TURVELANDIA";-;-
"522100 TAQUARAL DE GOIAS";-;-
"522070 SITIO D'ABADIA";-;-
"522108 TERESINA DE GOIAS";-;-
"522130 TRES RANCHOS";-;-
"522119 TEREZOPOLIS DE GOIAS";-;-
"522160 URUACU";-;-
"522220 VILA BOA";-;-
"522205 VICENTINOPOLIS";-;-
"522230 VILA PROPICIO";-;-
"000000 Ignorado ou exterior";-;-
"530010 BRASILIA";-;-
"522180 URUTAI";-;-
"522170 URUANA";-;-
"522185 VALPARAISO DE GOIAS";-;-
"522200 VIANOPOLIS";-;-
"522190 VARJAO";-;-
"522068 SIMOLANDIA";-;-
"521973 SANTO ANTONIO DE GOIAS";-;-
"521971 SANTO ANTONIO DA BARRA";-;-
"521975 SANTO ANTONIO DO DESCOBERTO";-;-
"521990 SAO FRANCISCO DE GOIAS";-;-
"521980 SAO DOMINGOS";-;-
"521945 SANTA RITA DO NOVO DESTINO";-;-
"521940 SANTA RITA DO ARAGUAIA";-;-
"521950 SANTA ROSA DE GOIAS";-;-
"521970 SANTA TEREZINHA DE GOIAS";-;-
"521960 SANTA TEREZA DE GOIAS";-;-
"522000 SAO JOAO D'ALIANCA";-;-
"522040 SAO SIMAO";-;-
"522028 SAO PATRICIO";-;-
"522045 SENADOR CANEDO";-;-
"522060 SILVANIA";-;-
"522050 SERRANOPOLIS";-;-
"522010 SAO LUIS DE MONTES BELOS";-;-
"522005 SAO JOAO DA PARAUNA";-;-
"522015 SAO LUIZ DO NORTE";-;-
"522026 SAO MIGUEL DO PASSA QUATRO";-;-
"522020 SAO MIGUEL DO ARAGUAIA";-;-
"520945 GUARINOS";-;-
"520940 GUARANI DE GOIAS";-;-
"520960 HEITORAI";-;-
"520980 HIDROLINA";-;-
"520970 HIDROLANDIA";-;-
"520910 GOIATUBA";-;-
"520890 GOIAS";-;-
"520915 GOUVELANDIA";-;-
"520929 GUARAITA";-;-
"520920 GUAPO";-;-
"520990 IACIARA";-;-
"521030 ISRAELANDIA";-;-
"521020 IPORA";-;-
"521040 ITABERAI";-;-
"521060 ITAGUARU";-;-
"521056 ITAGUARI";-;-
"520995 INDIARA";-;-
"520993 INACIOLANDIA";-;-
"521000 INHUMAS";-;-
"521015 IPIRANGA DE GOIAS";-;-
"521010 IPAMERI";-;-
"520880 GOIANIRA";-;-
"520735 EDEALINA";-;-
"520725 DOVERLANDIA";-;-
"520740 EDEIA";-;-
"520753 FAINA";-;-
"520750 ESTRELA DO NORTE";-;-
"520670 DAMIANOPOLIS";-;-
"520660 CUMARI";-;-
"520680 DAMOLANDIA";-;-
"520710 DIORAMA";-;-
"520690 DAVINOPOLIS";-;-
"520760 FAZENDA NOVA";-;-
"520840 GOIANAPOLIS";-;-
"520830 DIVINOPOLIS DE GOIAS";-;-
"520850 GOIANDIRA";-;-
"520870 GOIANIA";-;-
"520860 GOIANESIA";-;-
"520790 FLORES DE GOIAS";-;-
"520780 FIRMINOPOLIS";-;-
"520800 FORMOSA";-;-
"520815 GAMELEIRA DE GOIAS";-;-
"520810 FORMOSO";-;-
"521080 ITAJA";-;-
"521370 MONTES CLAROS DE GOIAS";-;-
"521350 MONTE ALEGRE DE GOIAS";-;-
"521375 MONTIVIDIU";-;-
"521380 MORRINHOS";-;-
"521377 MONTIVIDIU DO NORTE";-;-
"521305 MIMOSO DE GOIAS";-;-
"521300 MAURILANDIA";-;-
"521308 MINACU";-;-
"521340 MOIPORA";-;-
"521310 MINEIROS";-;-
"521385 MORRO AGUDO DE GOIAS";-;-
"521460 NIQUELANDIA";-;-
"521450 NEROPOLIS";-;-
"521470 NOVA AMERICA";-;-
"521483 NOVA CRIXAS";-;-
"521480 NOVA AURORA";-;-
"521400 MOZARLANDIA";-;-
"521390 MOSSAMEDES";-;-
"521405 MUNDO NOVO";-;-
"521440 NAZARIO";-;-
"521410 MUTUNOPOLIS";-;-
"521295 MATRINCHA";-;-
"521160 IVOLANDIA";-;-
"521150 ITUMBIARA";-;-
"521170 JANDAIA";-;-
"521190 JATAI";-;-
"521180 JARAGUA";-;-
"521100 ITAPIRAPUA";-;-
"521090 ITAPACI";-;-
"521120 ITAPURANGA";-;-
"521140 ITAUCU";-;-
"521130 ITARUMA";-;-
"521200 JAUPACI";-;-
"521260 MAIRIPOTABA";-;-
"521250 LUZIANIA";-;-
"521270 MAMBAI";-;-
"521290 MARZAGAO";-;-
"521280 MARA ROSA";-;-
"521210 JOVIANIA";-;-
"521205 JESUPOLIS";-;-
"521220 JUSSARA";-;-
"521230 LEOPOLDO DE BULHOES";-;-
"521225 LAGOA SANTA";-;-
"431843 SAO JOAO DO POLESINE";-;-
"431842 SAO JOAO DA URTIGA";-;-
"431844 SAO JORGE";-;-
"431846 SAO JOSE DO HERVAL";-;-
"431845 SAO JOSE DAS MISSOES";-;-
"431810 SAO FRANCISCO DE ASSIS";-;-
"431805 SAO DOMINGOS DO SUL";-;-
"431820 SAO FRANCISCO DE PAULA";-;-
"431840 SAO JERONIMO";-;-
"431830 SAO GABRIEL";-;-
"431848 SAO JOSE DO HORTENCIO";-;-
"431880 SAO LOURENCO DO SUL";-;-
"431870 SAO LEOPOLDO";-;-
"431890 SAO LUIZ GONZAGA";-;-
"431910 SAO MARTINHO";-;-
"431900 SAO MARCOS";-;-
"431850 SAO JOSE DO NORTE";-;-
"431849 SAO JOSE DO INHACORA";-;-
"431860 SAO JOSE DO OURO";-;-
"431862 SAO JOSE DOS AUSENTES";-;-
"431861 SAO JOSE DO SUL";-;-
"431800 SAO BORJA";-;-
"431697 SANTA MARGARIDA DO SUL";-;-
"431695 SANTA MARIA DO HERVAL";-;-
"431700 SANTANA DA BOA VISTA";-;-
"431720 SANTA ROSA";-;-
"431710 SANT'ANA DO LIVRAMENTO";-;-
"431673 SANTA CECILIA DO SUL";-;-
"431670 SANTA BARBARA DO SUL";-;-
"431675 SANTA CLARA DO SUL";-;-
"431690 SANTA MARIA";-;-
"431680 SANTA CRUZ DO SUL";-;-
"431725 SANTA TEREZA";-;-
"431775 SANTO ANTONIO DO PLANALTO";-;-
"431770 SANTO ANTONIO DAS MISSOES";-;-
"431780 SANTO AUGUSTO";-;-
"431795 SANTO EXPEDITO DO SUL";-;-
"431790 SANTO CRISTO";-;-
"431740 SANTIAGO";-;-
"431730 SANTA VITORIA DO PALMAR";-;-
"431750 SANTO ANGELO";-;-
"431760 SANTO ANTONIO DA PATRULHA";-;-
"431755 SANTO ANTONIO DO PALMA";-;-
"431912 SAO MARTINHO DA SERRA";-;-
"432060 SEVERIANO DE ALMEIDA";-;-
"432057 SETE DE SETEMBRO";-;-
"432065 SILVEIRA MARTINS";-;-
"432070 SOBRADINHO";-;-
"432067 SINIMBU";-;-
"432040 SERAFINA CORREA";-;-
"432035 SENTINELA DO SUL";-;-
"432045 SERIO";-;-
"432055 SERTAO SANTANA";-;-
"432050 SERTAO";-;-
"432080 SOLEDADE";-;-
"432132 TAQUARUCU DO SUL";-;-
"432130 TAQUARI";-;-
"432135 TAVARES";-;-
"432143 TERRA DE AREIA";-;-
"432140 TENENTE PORTELA";-;-
"432090 TAPEJARA";-;-
"432085 TABAI";-;-
"432100 TAPERA";-;-
"432120 TAQUARA";-;-
"432110 TAPES";-;-
"432032 SENADOR SALGADO FILHO";-;-
"431940 SAO PEDRO DO SUL";-;-
"431937 SAO PEDRO DO BUTIA";-;-
"431950 SAO SEBASTIAO DO CAI";-;-
"431970 SAO VALENTIM";-;-
"431960 SAO SEPE";-;-
"431920 SAO NICOLAU";-;-
"431915 SAO MIGUEL DAS MISSOES";-;-
"431930 SAO PAULO DAS MISSOES";-;-
"431936 SAO PEDRO DAS MISSOES";-;-
"431935 SAO PEDRO DA SERRA";-;-
"431971 SAO VALENTIM DO SUL";-;-
"432020 SEBERI";-;-
"432010 SARANDI";-;-
"432023 SEDE NOVA";-;-
"432030 SELBACH";-;-
"432026 SEGREDO";-;-
"431975 SAO VENDELINO";-;-
"431973 SAO VALERIO DO SUL";-;-
"431980 SAO VICENTE DO SUL";-;-
"432000 SAPUCAIA DO SUL";-;-
"431990 SAPIRANGA";-;-
"431405 PAROBE";-;-
"431403 PARECI NOVO";-;-
"431406 PASSA SETE";-;-
"431410 PASSO FUNDO";-;-
"431407 PASSO DO SOBRADO";-;-
"431390 PANAMBI";-;-
"431380 PALMITINHO";-;-
"431395 PANTANO GRANDE";-;-
"431402 PARAISO DO SUL";-;-
"431400 PARAI";-;-
"431413 PAULO BENTO";-;-
"431445 PINHAL";-;-
"431442 PICADA CAFE";-;-
"431446 PINHAL DA SERRA";-;-
"431449 PINHEIRINHO DO VALE";-;-
"431447 PINHAL GRANDE";-;-
"431417 PEDRAS ALTAS";-;-
"431415 PAVERAMA";-;-
"431420 PEDRO OSORIO";-;-
"431440 PELOTAS";-;-
"431430 PEJUCARA";-;-
"431370 PALMEIRA DAS MISSOES";-;-
"431310 NOVA PALMA";-;-
"431308 NOVA PADUA";-;-
"431320 NOVA PETROPOLIS";-;-
"431333 NOVA RAMADA";-;-
"431330 NOVA PRATA";-;-
"431300 NOVA BRESCIA";-;-
"431295 NOVA BOA VISTA";-;-
"431301 NOVA CANDELARIA";-;-
"431306 NOVA HARTZ";-;-
"431303 NOVA ESPERANCA DO SUL";-;-
"431335 NOVA ROMA DO SUL";-;-
"431349 NOVO BARREIRO";-;-
"431346 NOVO XINGU";-;-
"431350 OSORIO";-;-
"431365 PALMARES DO SUL";-;-
"431360 PAIM FILHO";-;-
"431339 NOVO CABRAIS";-;-
"431337 NOVA SANTA RITA";-;-
"431340 NOVO HAMBURGO";-;-
"431344 NOVO TIRADENTES";-;-
"431342 NOVO MACHADO";-;-
"431450 PINHEIRO MACHADO";-;-
"431575 RIOZINHO";-;-
"431570 RIO PARDO";-;-
"431580 ROCA SALES";-;-
"431595 ROLADOR";-;-
"431590 RODEIO BONITO";-;-
"431545 RELVADO";-;-
"431540 REDENTORA";-;-
"431550 RESTINGA SECA";-;-
"431560 RIO GRANDE";-;-
"431555 RIO DOS INDIOS";-;-
"431600 ROLANTE";-;-
"431645 SALTO DO JACUI";-;-
"431643 SALDANHA MARINHO";-;-
"431647 SALVADOR DAS MISSOES";-;-
"431660 SANANDUVA";-;-
"431650 SALVADOR DO SUL";-;-
"431620 RONDINHA";-;-
"431610 RONDA ALTA";-;-
"431630 ROQUE GONZALES";-;-
"431642 SAGRADA FAMILIA";-;-
"431640 ROSARIO DO SUL";-;-
"431535 QUINZE DE NOVEMBRO";-;-
"431478 PONTE PRETA";-;-
"431477 PONTAO";-;-
"431480 PORTAO";-;-
"431500 PORTO LUCENA";-;-
"431490 PORTO ALEGRE";-;-
"431455 PIRAPO";-;-
"431454 PINTO BANDEIRA";-;-
"431460 PIRATINI";-;-
"431475 POCO DAS ANTAS";-;-
"431470 PLANALTO";-;-
"431505 PORTO MAUA";-;-
"431520 PUTINGA";-;-
"431517 PROTASIO ALVES";-;-
"431530 QUARAI";-;-
"431532 QUEVEDOS";-;-
"431531 QUATRO IRMAOS";-;-
"431510 PORTO XAVIER";-;-
"431507 PORTO VERA CRUZ";-;-
"431513 POUSO NOVO";-;-
"431515 PROGRESSO";-;-
"431514 PRESIDENTE LUCENA";-;-
"500720 RIO BRILHANTE";-;-
"500710 RIBAS DO RIO PARDO";-;-
"500730 RIO NEGRO";-;-
"500750 ROCHEDO";-;-
"500740 RIO VERDE DE MATO GROSSO";-;-
"500635 PARANHOS";-;-
"500630 PARANAIBA";-;-
"500640 PEDRO GOMES";-;-
"500690 PORTO MURTINHO";-;-
"500660 PONTA PORA";-;-
"500755 SANTA RITA DO PARDO";-;-
"500797 TAQUARUSSU";-;-
"500795 TACURU";-;-
"500800 TERENOS";-;-
"500840 VICENTINA";-;-
"500830 TRES LAGOAS";-;-
"500770 SETE QUEDAS";-;-
"500769 SAO GABRIEL DO OESTE";-;-
"500780 SELVIRIA";-;-
"500793 SONORA";-;-
"500790 SIDROLANDIA";-;-
"500627 PARAISO DAS AGUAS";-;-
"500480 JAPORA";-;-
"500470 IVINHEMA";-;-
"500490 JARAGUARI";-;-
"500510 JATEI";-;-
"500500 JARDIM";-;-
"500430 IGUATEMI";-;-
"500410 GUIA LOPES DA LAGUNA";-;-
"500440 INOCENCIA";-;-
"500460 ITAQUIRAI";-;-
"500450 ITAPORA";-;-
"500515 JUTI";-;-
"500580 NIOAQUE";-;-
"500570 NAVIRAI";-;-
"500600 NOVA ALVORADA DO SUL";-;-
"500625 NOVO HORIZONTE DO SUL";-;-
"500620 NOVA ANDRADINA";-;-
"500525 LAGUNA CARAPA";-;-
"500520 LADARIO";-;-
"500540 MARACAJU";-;-
"500568 MUNDO NOVO";-;-
"500560 MIRANDA";-;-
" MUNICIPIO IGNORADO - MT";-;-
"510285 CASTANHEIRA";-;-
"510279 CARLINDA";-;-
"510300 CHAPADA DOS GUIMARAES";-;-
"510310 COCALINHO";-;-
"510305 CLAUDIA";-;-
"510267 CAMPO VERDE";-;-
"510263 CAMPO NOVO DO PARECIS";-;-
"510268 CAMPOS DE JULIO";-;-
"510270 CANARANA";-;-
"510269 CANABRAVA DO NORTE";-;-
"510320 COLIDER";-;-
"510343 CURVELANDIA";-;-
"510340 CUIABA";-;-
"510345 DENISE";-;-
"510360 DOM AQUINO";-;-
"510350 DIAMANTINO";-;-
"510330 COMODORO";-;-
"510325 COLNIZA";-;-
"510335 CONFRESA";-;-
"510337 COTRIGUACU";-;-
"510336 CONQUISTA D'OESTE";-;-
"510260 CAMPINAPOLIS";-;-
"510050 ALTO PARAGUAI";-;-
"510040 ALTO GARCAS";-;-
"510060 ALTO TAQUARI";-;-
"510100 ARAGUAIANA";-;-
"510080 APIACAS";-;-
"510020 AGUA BOA";-;-
"510010 ACORIZAL";-;-
"510025 ALTA FLORESTA";-;-
"510035 ALTO BOA VISTA";-;-
"510030 ALTO ARAGUAIA";-;-
"510120 ARAGUAINHA";-;-
"510183 BOA ESPERANCA DO NORTE";-;-
"510180 BARRA DO GARCAS";-;-
"510185 BOM JESUS DO ARAGUAIA";-;-
"510250 CACERES";-;-
"510190 BRASNORTE";-;-
"510130 ARENAPOLIS";-;-
"510125 ARAPUTANGA";-;-
"510140 ARIPUANA";-;-
"510170 BARRA DO BUGRES";-;-
"510160 BARAO DE MELGACO";-;-
"432252 VALE VERDE";-;-
"432250 VACARIA";-;-
"432253 VALE DO SOL";-;-
"432255 VANINI";-;-
"432254 VALE REAL";-;-
"432234 UBIRETAMA";-;-
"432232 TURUCU";-;-
"432235 UNIAO DA SERRA";-;-
"432240 URUGUAIANA";-;-
"432237 UNISTALDA";-;-
"432260 VENANCIO AIRES";-;-
"432320 VICTOR GRAEFF";-;-
"432310 VICENTE DUTRA";-;-
"432330 VILA FLORES";-;-
"432340 VILA MARIA";-;-
"432335 VILA LANGARO";-;-
"432280 VERANOPOLIS";-;-
"432270 VERA CRUZ";-;-
"432285 VESPASIANO CORREA";-;-
"432300 VIAMAO";-;-
"432290 VIADUTOS";-;-
"432230 TUPARENDI";-;-
"432162 TRAVESSEIRO";-;-
"432160 TRAMANDAI";-;-
"432163 TRES ARROIOS";-;-
"432170 TRES COROAS";-;-
"432166 TRES CACHOEIRAS";-;-
"432146 TIO HUGO";-;-
"432145 TEUTONIA";-;-
"432147 TIRADENTES DO SUL";-;-
"432150 TORRES";-;-
"432149 TOROPI";-;-
"432180 TRES DE MAIO";-;-
"432215 TUNAS";-;-
"432210 TUCUNDUVA";-;-
"432218 TUPANCI DO SUL";-;-
"432225 TUPANDI";-;-
"432220 TUPANCIRETA";-;-
"432185 TRES PALMEIRAS";-;-
"432183 TRES FORQUILHAS";-;-
"432190 TRES PASSOS";-;-
"432200 TRIUNFO";-;-
"432195 TRINDADE DO SUL";-;-
"432345 VILA NOVA DO SUL";-;-
"500290 CASSILANDIA";-;-
"500280 CARACOL";-;-
"500295 CHAPADAO DO SUL";-;-
"500315 CORONEL SAPUCAIA";-;-
"500310 CORGUINHO";-;-
"500230 BRASILANDIA";-;-
"500220 BONITO";-;-
"500240 CAARAPO";-;-
"500270 CAMPO GRANDE";-;-
"500260 CAMAPUA";-;-
"500320 CORUMBA";-;-
"500375 ELDORADO";-;-
"500370 DOURADOS";-;-
"500380 FATIMA DO SUL";-;-
"500400 GLORIA DE DOURADOS";-;-
"500390 FIGUEIRAO";-;-
"500330 COXIM";-;-
"500325 COSTA RICA";-;-
"500345 DEODAPOLIS";-;-
"500350 DOURADINA";-;-
"500348 DOIS IRMAOS DO BURITI";-;-
"500215 BODOQUENA";-;-
" MUNICIPIO IGNORADO - MS";-;-
"432380 XANGRI-LA";-;-
"500020 AGUA CLARA";-;-
"500060 AMAMBAI";-;-
"500025 ALCINOPOLIS";-;-
"432360 VISTA ALEGRE DO PRATA";-;-
"432350 VISTA ALEGRE";-;-
"432370 VISTA GAUCHA";-;-
"432377 WESTFALIA";-;-
"432375 VITORIA DAS MISSOES";-;-
"500070 ANASTACIO";-;-
"500150 BANDEIRANTES";-;-
"500124 ARAL MOREIRA";-;-
"500190 BATAGUASSU";-;-
"500210 BELA VISTA";-;-
"500200 BATAYPORA";-;-
"500085 ANGELICA";-;-
"500080 ANAURILANDIA";-;-
"500090 ANTONIO JOAO";-;-
"500110 AQUIDAUANA";-;-
"500100 APARECIDA DO TABOADO";-;-
"411930 PINHAO";-;-
"330400 PIRAI";-;-
"330395 PINHEIRAL";-;-
"330410 PORCIUNCULA";-;-
"330412 QUATIS";-;-
"330411 PORTO REAL";-;-
"330370 PARAIBA DO SUL";-;-
"330360 PARACAMBI";-;-
"330380 PARATY";-;-
"330390 PETROPOLIS";-;-
"330385 PATY DO ALFERES";-;-
"330414 QUEIMADOS";-;-
"330455 RIO DE JANEIRO";-;-
"330452 RIO DAS OSTRAS";-;-
"330460 SANTA MARIA MADALENA";-;-
"330475 SAO FRANCISCO DE ITABAPOANA";-;-
"330470 SANTO ANTONIO DE PADUA";-;-
"330420 RESENDE";-;-
"330415 QUISSAMA";-;-
"330430 RIO BONITO";-;-
"330450 RIO DAS FLORES";-;-
"330440 RIO CLARO";-;-
"330350 NOVA IGUACU";-;-
"330227 JAPERI";-;-
"330225 ITATIAIA";-;-
"330230 LAJE DO MURIAE";-;-
"330245 MACUCO";-;-
"330240 MACAE";-;-
"330200 ITAGUAI";-;-
"330190 ITABORAI";-;-
"330205 ITALVA";-;-
"330220 ITAPERUNA";-;-
"330210 ITAOCARA";-;-
"330250 MAGE";-;-
"330310 NATIVIDADE";-;-
"330300 MIRACEMA";-;-
"330320 NILOPOLIS";-;-
"330340 NOVA FRIBURGO";-;-
"330330 NITEROI";-;-
"330270 MARICA";-;-
"330260 MANGARATIBA";-;-
"330280 MENDES";-;-
"330290 MIGUEL PEREIRA";-;-
"330285 MESQUITA";-;-
"330480 SAO FIDELIS";-;-
"350070 AGUDOS";-;-
"350060 AGUAS DE SAO PEDRO";-;-
"350075 ALAMBARI";-;-
"350090 ALTAIR";-;-
"350080 ALFREDO MARCONDES";-;-
"350030 AGUAI";-;-
"350020 ADOLFO";-;-
"350040 AGUAS DA PRATA";-;-
"350055 AGUAS DE SANTA BARBARA";-;-
"350050 AGUAS DE LINDOIA";-;-
"350100 ALTINOPOLIS";-;-
"350160 AMERICANA";-;-
"350150 ALVINLANDIA";-;-
"350170 AMERICO BRASILIENSE";-;-
"350190 AMPARO";-;-
"350180 AMERICO DE CAMPOS";-;-
"350115 ALUMINIO";-;-
"350110 ALTO ALEGRE";-;-
"350120 ALVARES FLORENCE";-;-
"350140 ALVARO DE CARVALHO";-;-
"350130 ALVARES MACHADO";-;-
"350010 ADAMANTINA";-;-
"330530 SAO SEBASTIAO DO ALTO";-;-
"330520 SAO PEDRO DA ALDEIA";-;-
"330540 SAPUCAIA";-;-
"330555 SEROPEDICA";-;-
"330550 SAQUAREMA";-;-
"330500 SAO JOAO DA BARRA";-;-
"330490 SAO GONCALO";-;-
"330510 SAO JOAO DE MERITI";-;-
"330515 SAO JOSE DO VALE DO RIO PRETO";-;-
"330513 SAO JOSE DE UBA";-;-
"330560 SILVA JARDIM";-;-
"330615 VARRE-SAI";-;-
"330610 VALENCA";-;-
"330620 VASSOURAS";-;-
" MUNICIPIO IGNORADO - SP";-;-
"330630 VOLTA REDONDA";-;-
"330575 TANGUA";-;-
"330570 SUMIDOURO";-;-
"330580 TERESOPOLIS";-;-
"330600 TRES RIOS";-;-
"330590 TRAJANO DE MORAES";-;-
"320350 MONTANHA";-;-
"320340 MIMOSO DO SUL";-;-
"320360 MUCURICI";-;-
"320380 MUQUI";-;-
"320370 MUNIZ FREIRE";-;-
"320330 MANTENOPOLIS";-;-
"320320 LINHARES";-;-
"320332 MARATAIZES";-;-
"320335 MARILANDIA";-;-
"320334 MARECHAL FLORIANO";-;-
"320390 NOVA VENECIA";-;-
"320435 RIO BANANAL";-;-
"320430 PRESIDENTE KENNEDY";-;-
"320440 RIO NOVO DO SUL";-;-
"320455 SANTA MARIA DE JETIBA";-;-
"320450 SANTA LEOPOLDINA";-;-
"320405 PEDRO CANARIO";-;-
"320400 PANCAS";-;-
"320410 PINHEIROS";-;-
"320425 PONTO BELO";-;-
"320420 PIUMA";-;-
"320316 LARANJA DA TERRA";-;-
"320225 GOVERNADOR LINDENBERG";-;-
"320220 FUNDAO";-;-
"320230 GUACUI";-;-
"320245 IBATIBA";-;-
"320240 GUARAPARI";-;-
"320180 DIVINO DE SAO LOURENCO";-;-
"320170 CONCEICAO DO CASTELO";-;-
"320190 DOMINGOS MARTINS";-;-
"320210 ECOPORANGA";-;-
"320200 DORES DO RIO PRETO";-;-
"320250 IBIRACU";-;-
"320300 IUNA";-;-
"320290 ITARANA";-;-
"320305 JAGUARE";-;-
"320313 JOAO NEIVA";-;-
"320310 JERONIMO MONTEIRO";-;-
"320260 ICONHA";-;-
"320255 IBITIRAMA";-;-
"320265 IRUPI";-;-
"320280 ITAPEMIRIM";-;-
"320270 ITAGUACU";-;-
"320460 SANTA TERESA";-;-
"330090 CAMBUCI";-;-
"330080 CACHOEIRAS DE MACACU";-;-
"330093 CARAPEBUS";-;-
"330100 CAMPOS DOS GOYTACAZES";-;-
"330095 COMENDADOR LEVY GASPARIAN";-;-
"330045 BELFORD ROXO";-;-
"330040 BARRA MANSA";-;-
"330050 BOM JARDIM";-;-
"330070 CABO FRIO";-;-
"330060 BOM JESUS DO ITABAPOANA";-;-
"330110 CANTAGALO";-;-
"330170 DUQUE DE CAXIAS";-;-
"330160 DUAS BARRAS";-;-
"330180 ENGENHEIRO PAULO DE FRONTIN";-;-
"330187 IGUABA GRANDE";-;-
"330185 GUAPIMIRIM";-;-
"330120 CARMO";-;-
"330115 CARDOSO MOREIRA";-;-
"330130 CASIMIRO DE ABREU";-;-
"330150 CORDEIRO";-;-
"330140 CONCEICAO DE MACABU";-;-
"330030 BARRA DO PIRAI";-;-
"320501 SOORETAMA";-;-
"320500 SERRA";-;-
"320503 VARGEM ALTA";-;-
"320510 VIANA";-;-
"320506 VENDA NOVA DO IMIGRANTE";-;-
"320470 SAO GABRIEL DA PALHA";-;-
"320465 SAO DOMINGOS DO NORTE";-;-
"320480 SAO JOSE DO CALCADO";-;-
"320495 SAO ROQUE DO CANAA";-;-
"320490 SAO MATEUS";-;-
"320515 VILA PAVAO";-;-
"330020 ARARUAMA";-;-
"330015 APERIBE";-;-
"330022 AREAL";-;-
"330025 ARRAIAL DO CABO";-;-
"330023 ARMACAO DOS BUZIOS";-;-
"320520 VILA VELHA";-;-
"320517 VILA VALERIO";-;-
"320530 VITORIA";-;-
"330010 ANGRA DOS REIS";-;-
" MUNICIPIO IGNORADO - RJ";-;-
"351230 CONCHAS";-;-
"351220 CONCHAL";-;-
"351240 CORDEIROPOLIS";-;-
"351260 CORONEL MACEDO";-;-
"351250 COROADOS";-;-
"351170 CHARQUEADA";-;-
"351160 CESARIO LANGE";-;-
"351190 CLEMENTINA";-;-
"351210 COLOMBIA";-;-
"351200 COLINA";-;-
"351270 CORUMBATAI";-;-
"351340 CRUZEIRO";-;-
"351330 CRUZALIA";-;-
"351350 CUBATAO";-;-
"351370 DESCALVADO";-;-
"351360 CUNHA";-;-
"351290 COSMORAMA";-;-
"351280 COSMOPOLIS";-;-
"351300 COTIA";-;-
"351320 CRISTAIS PAULISTA";-;-
"351310 CRAVINHOS";-;-
"351150 CERQUILHO";-;-
"351010 CANDIDO RODRIGUES";-;-
"351000 CANDIDO MOTA";-;-
"351015 CANITAR";-;-
"351030 CAPELA DO ALTO";-;-
"351020 CAPAO BONITO";-;-
"350970 CAMPOS DO JORDAO";-;-
"350960 CAMPO LIMPO PAULISTA";-;-
"350980 CAMPOS NOVOS PAULISTA";-;-
"350995 CANAS";-;-
"350990 CANANEIA";-;-
"351040 CAPIVARI";-;-
"351110 CATANDUVA";-;-
"351100 CASTILHO";-;-
"351120 CATIGUA";-;-
"351140 CERQUEIRA CESAR";-;-
"351130 CEDRAL";-;-
"351060 CARAPICUIBA";-;-
"351050 CARAGUATATUBA";-;-
"351070 CARDOSO";-;-
"351090 CASSIA DOS COQUEIROS";-;-
"351080 CASA BRANCA";-;-
"351380 DIADEMA";-;-
"351580 FLORA RICA";-;-
"351570 FERRAZ DE VASCONCELOS";-;-
"351590 FLOREAL";-;-
"351610 FLORINEA";-;-
"351600 FLORIDA PAULISTA";-;-
"351540 FARTURA";-;-
"351535 EUCLIDES DA CUNHA PAULISTA";-;-
"351550 FERNANDOPOLIS";-;-
"351565 FERNAO";-;-
"351560 FERNANDO PRESTES";-;-
"351620 FRANCA";-;-
"351685 GAVIAO PEIXOTO";-;-
"351680 GASTAO VIDIGAL";-;-
"351690 GENERAL SALGADO";-;-
"351710 GLICERIO";-;-
"351700 GETULINA";-;-
"351640 FRANCO DA ROCHA";-;-
"351630 FRANCISCO MORATO";-;-
"351650 GABRIEL MONTEIRO";-;-
"351670 GARCA";-;-
"351660 GALIA";-;-
"351530 ESTRELA DO NORTE";-;-
"351440 DRACENA";-;-
"351430 DOURADO";-;-
"351450 DUARTINA";-;-
"351470 ECHAPORA";-;-
"351460 DUMONT";-;-
"351390 DIVINOLANDIA";-;-
"351385 DIRCE REIS";-;-
"351400 DOBRADA";-;-
"351420 DOLCINOPOLIS";-;-
"351410 DOIS CORREGOS";-;-
"351480 ELDORADO";-;-
"351515 ENGENHEIRO COELHO";-;-
"351512 EMILIANOPOLIS";-;-
"351518 ESPIRITO SANTO DO PINHAL";-;-
"351520 ESTRELA D'OESTE";-;-
"351519 ESPIRITO SANTO DO TURVO";-;-
"351492 ELISIARIO";-;-
"351490 ELIAS FAUSTO";-;-
"351495 EMBAUBA";-;-
"351510 EMBU-GUACU";-;-
"351500 EMBU DAS ARTES";-;-
"350440 AVANHANDAVA";-;-
"350430 AVAI";-;-
"350450 AVARE";-;-
"350470 BALBINOS";-;-
"350460 BADY BASSITT";-;-
"350395 ASPASIA";-;-
"350390 ARUJA";-;-
"350400 ASSIS";-;-
"350420 AURIFLAMA";-;-
"350410 ATIBAIA";-;-
"350480 BALSAMO";-;-
"350540 BARRA DO TURVO";-;-
"350535 BARRA DO CHAPEU";-;-
"350550 BARRETOS";-;-
"350570 BARUERI";-;-
"350560 BARRINHA";-;-
"350500 BARAO DE ANTONINA";-;-
"350490 BANANAL";-;-
"350510 BARBOSA";-;-
"350530 BARRA BONITA";-;-
"350520 BARIRI";-;-
"350380 ARTUR NOGUEIRA";-;-
"350260 APARECIDA D'OESTE";-;-
"350250 APARECIDA";-;-
"350270 APIAI";-;-
"350280 ARACATUBA";-;-
"350275 ARACARIGUAMA";-;-
"350210 ANDRADINA";-;-
"350200 ANALANDIA";-;-
"350220 ANGATUBA";-;-
"350240 ANHUMAS";-;-
"350230 ANHEMBI";-;-
"350290 ARACOIABA DA SERRA";-;-
"350340 AREALVA";-;-
"350335 ARCO-IRIS";-;-
"350350 AREIAS";-;-
"350370 ARIRANHA";-;-
"350360 AREIOPOLIS";-;-
"350310 ARANDU";-;-
"350300 ARAMINA";-;-
"350315 ARAPEI";-;-
"350330 ARARAS";-;-
"350320 ARARAQUARA";-;-
"350580 BASTOS";-;-
"350830 CABRALIA PAULISTA";-;-
"350820 BURITIZAL";-;-
"350840 CABREUVA";-;-
"350860 CACHOEIRA PAULISTA";-;-
"350850 CACAPAVA";-;-
"350780 BRODOWSKI";-;-
"350775 BREJO ALEGRE";-;-
"350790 BROTAS";-;-
"350810 BURITAMA";-;-
"350800 BURI";-;-
"350870 CACONDE";-;-
"350930 CAJOBI";-;-
"350925 CAJATI";-;-
"350940 CAJURU";-;-
"350950 CAMPINAS";-;-
"350945 CAMPINA DO MONTE ALEGRE";-;-
"350890 CAIABU";-;-
"350880 CAFELANDIA";-;-
"350900 CAIEIRAS";-;-
"350920 CAJAMAR";-;-
"350910 CAIUA";-;-
"350770 BRAUNA";-;-
"350640 BILAC";-;-
"350635 BERTIOGA";-;-
"350650 BIRIGUI";-;-
"350670 BOA ESPERANCA DO SUL";-;-
"350660 BIRITIBA MIRIM";-;-
"350600 BAURU";-;-
"350590 BATATAIS";-;-
"350610 BEBEDOURO";-;-
"350630 BERNARDINO DE CAMPOS";-;-
"350620 BENTO DE ABREU";-;-
"350680 BOCAINA";-;-
"350740 BORBOREMA";-;-
"350730 BORACEIA";-;-
"350745 BOREBI";-;-
"350760 BRAGANCA PAULISTA";-;-
"350750 BOTUCATU";-;-
"350700 BOITUVA";-;-
"350690 BOFETE";-;-
"350710 BOM JESUS DOS PERDOES";-;-
"350720 BORA";-;-
"350715 BOM SUCESSO DE ITARARE";-;-
"315510 RIO DO PRADO";-;-
"315500 RIO DOCE";-;-
"315520 RIO ESPERA";-;-
"315540 RIO NOVO";-;-
"315530 RIO MANSO";-;-
"315460 RIBEIRAO DAS NEVES";-;-
"315450 RIACHO DOS MACHADOS";-;-
"315470 RIBEIRAO VERMELHO";-;-
"315490 RIO CASCA";-;-
"315480 RIO ACIMA";-;-
"315550 RIO PARANAIBA";-;-
"315620 ROCHEDO DE MINAS";-;-
"315610 RITAPOLIS";-;-
"315630 RODEIRO";-;-
"315645 ROSARIO DA LIMEIRA";-;-
"315640 ROMARIA";-;-
"315570 RIO PIRACICABA";-;-
"315560 RIO PARDO DE MINAS";-;-
"315580 RIO POMBA";-;-
"315600 RIO VERMELHO";-;-
"315590 RIO PRETO";-;-
"315445 RIACHINHO";-;-
"315310 PRESIDENTE BERNARDES";-;-
"315300 PRATINHA";-;-
"315320 PRESIDENTE JUSCELINO";-;-
"315340 PRESIDENTE OLEGARIO";-;-
"315330 PRESIDENTE KUBITSCHEK";-;-
"315260 POUSO ALTO";-;-
"315250 POUSO ALEGRE";-;-
"315270 PRADOS";-;-
"315290 PRATAPOLIS";-;-
"315280 PRATA";-;-
"315350 ALTO JEQUITIBA";-;-
"315415 REDUTO";-;-
"315410 RECREIO";-;-
"315420 RESENDE COSTA";-;-
"315440 RESSAQUINHA";-;-
"315430 RESPLENDOR";-;-
"315370 QUARTEL GERAL";-;-
"315360 PRUDENTE DE MORAIS";-;-
"315380 QUELUZITO";-;-
"315400 RAUL SOARES";-;-
"315390 RAPOSOS";-;-
"315650 RUBELITA";-;-
"315890 SANTANA DO MANHUACU";-;-
"315880 SANTANA DO JACARE";-;-
"315895 SANTANA DO PARAISO";-;-
"315910 SANTANA DOS MONTES";-;-
"315900 SANTANA DO RIACHO";-;-
"315840 SANTANA DE CATAGUASES";-;-
"315830 SANTANA DA VARGEM";-;-
"315850 SANTANA DE PIRAPAMA";-;-
"315870 SANTANA DO GARAMBEU";-;-
"315860 SANTANA DO DESERTO";-;-
"315920 SANTA RITA DE CALDAS";-;-
"315980 SANTA VITORIA";-;-
"315970 SANTA ROSA DA SERRA";-;-
"315990 SANTO ANTONIO DO AMPARO";-;-
"316010 SANTO ANTONIO DO GRAMA";-;-
"316000 SANTO ANTONIO DO AVENTUREIRO";-;-
"315935 SANTA RITA DE MINAS";-;-
"315930 SANTA RITA DE JACUTINGA";-;-
"315940 SANTA RITA DE IBITIPOCA";-;-
"315960 SANTA RITA DO SAPUCAI";-;-
"315950 SANTA RITA DO ITUETO";-;-
"315820 SANTA MARIA DO SUACUI";-;-
"315720 SANTA BARBARA";-;-
"315710 SALTO DA DIVISA";-;-
"315725 SANTA BARBARA DO LESTE";-;-
"315730 SANTA BARBARA DO TUGURIO";-;-
"315727 SANTA BARBARA DO MONTE VERDE";-;-
"315670 SABARA";-;-
"315660 RUBIM";-;-
"315680 SABINOPOLIS";-;-
"315700 SALINAS";-;-
"315690 SACRAMENTO";-;-
"315733 SANTA CRUZ DE MINAS";-;-
"315780 SANTA LUZIA";-;-
"315770 SANTA JULIANA";-;-
"315790 SANTA MARGARIDA";-;-
"315810 SANTA MARIA DO SALTO";-;-
"315800 SANTA MARIA DE ITABIRA";-;-
"315740 SANTA CRUZ DO ESCALVADO";-;-
"315737 SANTA CRUZ DE SALINAS";-;-
"315750 SANTA EFIGENIA DE MINAS";-;-
"315765 SANTA HELENA DE MINAS";-;-
"315760 SANTA FE DE MINAS";-;-
"314750 PASSABEM";-;-
"314740 PARAOPEBA";-;-
"314760 PASSA QUATRO";-;-
"314780 PASSA VINTE";-;-
"314770 PASSA TEMPO";-;-
"314700 PARACATU";-;-
"314690 PAPAGAIOS";-;-
"314710 PARA DE MINAS";-;-
"314730 PARAISOPOLIS";-;-
"314720 PARAGUACU";-;-
"314790 PASSOS";-;-
"314850 PAVAO";-;-
"314840 PAULISTAS";-;-
"314860 PECANHA";-;-
"314875 PEDRA BONITA";-;-
"314870 PEDRA AZUL";-;-
"314800 PATOS DE MINAS";-;-
"314795 PATIS";-;-
"314810 PATROCINIO";-;-
"314830 PAULA CANDIDO";-;-
"314820 PATROCINIO DO MURIAE";-;-
"314675 PALMOPOLIS";-;-
"314570 OLIVEIRA FORTES";-;-
"314560 OLIVEIRA";-;-
"314580 ONCA DE PITANGUI";-;-
"314587 ORIZANIA";-;-
"314585 ORATORIOS";-;-
"314537 NOVORIZONTE";-;-
"314535 NOVO ORIENTE DE MINAS";-;-
"314540 OLARIA";-;-
"314550 OLIMPIO NORONHA";-;-
"314545 OLHOS-D'AGUA";-;-
"314590 OURO BRANCO";-;-
"314650 PAINS";-;-
"314640 PAINEIRAS";-;-
"314655 PAI PEDRO";-;-
"314670 PALMA";-;-
"314660 PAIVA";-;-
"314610 OURO PRETO";-;-
"314600 OURO FINO";-;-
"314620 OURO VERDE DE MINAS";-;-
"314630 PADRE PARAISO";-;-
"314625 PADRE CARVALHO";-;-
"314880 PEDRA DO ANTA";-;-
"315120 PIRAPORA";-;-
"315110 PIRAPETINGA";-;-
"315130 PIRAUBA";-;-
"315150 PIUMHI";-;-
"315140 PITANGUI";-;-
"315070 PIRAJUBA";-;-
"315060 PIRACEMA";-;-
"315080 PIRANGA";-;-
"315100 PIRANGUINHO";-;-
"315090 PIRANGUCU";-;-
"315160 PLANURA";-;-
"315217 PONTO DOS VOLANTES";-;-
"315213 PONTO CHIQUE";-;-
"315220 PORTEIRINHA";-;-
"315240 POTE";-;-
"315230 PORTO FIRME";-;-
"315180 POCOS DE CALDAS";-;-
"315170 POCO FUNDO";-;-
"315190 POCRANE";-;-
"315210 PONTE NOVA";-;-
"315200 POMPEU";-;-
"315057 PINTOPOLIS";-;-
"314940 PEDRO TEIXEIRA";-;-
"314930 PEDRO LEOPOLDO";-;-
"314950 PEQUERI";-;-
"314970 PERDIGAO";-;-
"314960 PEQUI";-;-
"314900 PEDRA DOURADA";-;-
"314890 PEDRA DO INDAIA";-;-
"314910 PEDRALVA";-;-
"314920 PEDRINOPOLIS";-;-
"314915 PEDRAS DE MARIA DA CRUZ";-;-
"314980 PERDIZES";-;-
"315030 PIEDADE DO RIO GRANDE";-;-
"315020 PIEDADE DE PONTE NOVA";-;-
"315040 PIEDADE DOS GERAIS";-;-
"315053 PINGO-D'AGUA";-;-
"315050 PIMENTA";-;-
"314995 PERIQUITO";-;-
"314990 PERDOES";-;-
"315000 PESCADOR";-;-
"315015 PIEDADE DE CARATINGA";-;-
"315010 PIAU";-;-
"316950 TUMIRITINGA";-;-
"316940 TRES PONTAS";-;-
"316960 TUPACIGUARA";-;-
"316980 TURVOLANDIA";-;-
"316970 TURMALINA";-;-
"316910 TOLEDO";-;-
"316905 TOCOS DO MOJI";-;-
"316920 TOMBOS";-;-
"316935 TRES MARIAS";-;-
"316930 TRES CORACOES";-;-
"316990 UBA";-;-
"317043 UNIAO DE MINAS";-;-
"317040 UNAI";-;-
"317047 URUANA DE MINAS";-;-
"317052 URUCUIA";-;-
"317050 URUCANIA";-;-
"317005 UBAPORANGA";-;-
"317000 UBAI";-;-
"317010 UBERABA";-;-
"317030 UMBURATIBA";-;-
"317020 UBERLANDIA";-;-
"316900 TOCANTINS";-;-
"316760 SIMONESIA";-;-
"316750 SIMAO PEREIRA";-;-
"316770 SOBRALIA";-;-
"316790 TABULEIRO";-;-
"316780 SOLEDADE DE MINAS";-;-
"316710 SERRO";-;-
"316700 SERRANOS";-;-
"316720 SETE LAGOAS";-;-
"316740 SILVIANOPOLIS";-;-
"316730 SILVEIRANIA";-;-
"316800 TAIOBEIRAS";-;-
"316860 TEOFILO OTONI";-;-
"316850 TEIXEIRAS";-;-
"316870 TIMOTEO";-;-
"316890 TIROS";-;-
"316880 TIRADENTES";-;-
"316810 TAPIRA";-;-
"316805 TAPARUBA";-;-
"316820 TAPIRAI";-;-
"316840 TARUMIRIM";-;-
"316830 TAQUARACU DE MINAS";-;-
"317057 VARGEM ALEGRE";-;-
"320035 ALTO RIO NOVO";-;-
"320030 ALFREDO CHAVES";-;-
"320040 ANCHIETA";-;-
"320060 ARACRUZ";-;-
"320050 APIACA";-;-
"320010 AFONSO CLAUDIO";-;-
" MUNICIPIO IGNORADO - ES";-;-
"320013 AGUIA BRANCA";-;-
"320020 ALEGRE";-;-
"320016 AGUA DOCE DO NORTE";-;-
"320070 ATILIO VIVACQUA";-;-
"320130 CARIACICA";-;-
"320120 CACHOEIRO DE ITAPEMIRIM";-;-
"320140 CASTELO";-;-
"320160 CONCEICAO DA BARRA";-;-
"320150 COLATINA";-;-
"320090 BARRA DE SAO FRANCISCO";-;-
"320080 BAIXO GUANDU";-;-
"320100 BOA ESPERANCA";-;-
"320115 BREJETUBA";-;-
"320110 BOM JESUS DO NORTE";-;-
"317220 WENCESLAU BRAZ";-;-
"317100 VAZANTE";-;-
"317090 VARZELANDIA";-;-
"317103 VERDELANDIA";-;-
"317110 VERISSIMO";-;-
"317107 VEREDINHA";-;-
"317065 VARGEM GRANDE DO RIO PARDO";-;-
"317060 VARGEM BONITA";-;-
"317070 VARGINHA";-;-
"317080 VARZEA DA PALMA";-;-
"317075 VARJAO DE MINAS";-;-
"317115 VERMELHO NOVO";-;-
"317180 VIRGINOPOLIS";-;-
"317170 VIRGINIA";-;-
"317190 VIRGOLANDIA";-;-
"317210 VOLTA GRANDE";-;-
"317200 VISCONDE DO RIO BRANCO";-;-
"317130 VICOSA";-;-
"317120 VESPASIANO";-;-
"317140 VIEIRAS";-;-
"317160 VIRGEM DA LAPA";-;-
"317150 MATHIAS LOBATO";-;-
"316245 SAO JOAO DAS MISSOES";-;-
"316240 SAO JOAO DA PONTE";-;-
"316250 SAO JOAO DEL REI";-;-
"316257 SAO JOAO DO MANTENINHA";-;-
"316255 SAO JOAO DO MANHUACU";-;-
"316210 SAO GOTARDO";-;-
"316200 SAO GONCALO DO SAPUCAI";-;-
"316220 SAO JOAO BATISTA DO GLORIA";-;-
"316230 SAO JOAO DA MATA";-;-
"316225 SAO JOAO DA LAGOA";-;-
"316260 SAO JOAO DO ORIENTE";-;-
"316295 SAO JOSE DA LAPA";-;-
"316294 SAO JOSE DA BARRA";-;-
"316300 SAO JOSE DA SAFIRA";-;-
"316320 SAO JOSE DO ALEGRE";-;-
"316310 SAO JOSE DA VARGINHA";-;-
"316270 SAO JOAO DO PARAISO";-;-
"316265 SAO JOAO DO PACUI";-;-
"316280 SAO JOAO EVANGELISTA";-;-
"316292 SAO JOAQUIM DE BICAS";-;-
"316290 SAO JOAO NEPOMUCENO";-;-
"316190 SAO GONCALO DO RIO ABAIXO";-;-
"316070 SANTOS DUMONT";-;-
"316060 SANTO HIPOLITO";-;-
"316080 SAO BENTO ABADE";-;-
"316095 SAO DOMINGOS DAS DORES";-;-
"316090 SAO BRAS DO SUACUI";-;-
"316030 SANTO ANTONIO DO JACINTO";-;-
"316020 SANTO ANTONIO DO ITAMBE";-;-
"316040 SANTO ANTONIO DO MONTE";-;-
"316050 SANTO ANTONIO DO RIO ABAIXO";-;-
"316045 SANTO ANTONIO DO RETIRO";-;-
"316100 SAO DOMINGOS DO PRATA";-;-
"316160 SAO GERALDO DA PIEDADE";-;-
"316150 SAO GERALDO";-;-
"316165 SAO GERALDO DO BAIXIO";-;-
"316180 SAO GONCALO DO PARA";-;-
"316170 SAO GONCALO DO ABAETE";-;-
"316110 SAO FRANCISCO";-;-
"316105 SAO FELIX DE MINAS";-;-
"316120 SAO FRANCISCO DE PAULA";-;-
"316140 SAO FRANCISCO DO GLORIA";-;-
"316130 SAO FRANCISCO DE SALES";-;-
"316330 SAO JOSE DO DIVINO";-;-
"316560 SENADOR CORTES";-;-
"316557 SENADOR AMARAL";-;-
"316570 SENADOR FIRMINO";-;-
"316590 SENADOR MODESTINO GONCALVES";-;-
"316580 SENADOR JOSE BENTO";-;-
"316550 SARDOA";-;-
"316540 SAPUCAI-MIRIM";-;-
"316553 SARZEDO";-;-
"316556 SEM-PEIXE";-;-
"316555 SETUBINHA";-;-
"316600 SENHORA DE OLIVEIRA";-;-
"316670 SERRA DOS AIMORES";-;-
"316660 SERRA DA SAUDADE";-;-
"316680 SERRA DO SALITRE";-;-
"316695 SERRANOPOLIS DE MINAS";-;-
"316690 SERRANIA";-;-
"316620 SENHORA DOS REMEDIOS";-;-
"316610 SENHORA DO PORTO";-;-
"316630 SERICITA";-;-
"316650 SERRA AZUL DE MINAS";-;-
"316640 SERITINGA";-;-
"316530 SAO VICENTE DE MINAS";-;-
"316400 SAO PEDRO DOS FERROS";-;-
"316390 SAO PEDRO DA UNIAO";-;-
"316410 SAO PEDRO DO SUACUI";-;-
"316430 SAO ROQUE DE MINAS";-;-
"316420 SAO ROMAO";-;-
"316350 SAO JOSE DO JACURI";-;-
"316340 SAO JOSE DO GOIABAL";-;-
"316360 SAO JOSE DO MANTIMENTO";-;-
"316380 SAO MIGUEL DO ANTA";-;-
"316370 SAO LOURENCO";-;-
"316440 SAO SEBASTIAO DA BELA VISTA";-;-
"316490 SAO SEBASTIAO DO RIO VERDE";-;-
"316480 SAO SEBASTIAO DO RIO PRETO";-;-
"316500 SAO TIAGO";-;-
"316520 SAO THOME DAS LETRAS";-;-
"316510 SAO TOMAS DE AQUINO";-;-
"316447 SAO SEBASTIAO DO ANTA";-;-
"316443 SAO SEBASTIAO DA VARGEM ALEGRE";-;-
"316450 SAO SEBASTIAO DO MARANHAO";-;-
"316470 SAO SEBASTIAO DO PARAISO";-;-
"316460 SAO SEBASTIAO DO OESTE";-;-
"351720 GUAICARA";-;-
"410120 ANTONINA";-;-
"410115 ANGULO";-;-
"410130 ANTONIO OLINTO";-;-
"410165 ARAPUA";-;-
"410160 ARAPOTI";-;-
"410090 AMAPORA";-;-
"410080 ALVORADA DO SUL";-;-
"410100 AMPERE";-;-
"410110 ANDIRA";-;-
"410105 ANAHY";-;-
"410170 ARARUNA";-;-
"410240 BANDEIRANTES";-;-
"410230 BALSA NOVA";-;-
"410250 BARBOSA FERRAZ";-;-
"410270 BARRA DO JACARE";-;-
"410260 BARRACAO";-;-
"410190 ASSAI";-;-
"410185 ARIRANHA DO IVAI";-;-
"410200 ASSIS CHATEAUBRIAND";-;-
"410220 ATALAIA";-;-
"410210 ASTORGA";-;-
"410070 ALTO PIQUIRI";-;-
"355690 VISTA ALEGRE DO ALTO";-;-
"355680 VIRADOURO";-;-
"355695 VITORIA BRASIL";-;-
"355710 VOTUPORANGA";-;-
"355700 VOTORANTIM";-;-
"355645 VARGEM GRANDE PAULISTA";-;-
"355640 VARGEM GRANDE DO SUL";-;-
"355650 VARZEA PAULISTA";-;-
"355670 VINHEDO";-;-
"355660 VERA CRUZ";-;-
"355715 ZACARIAS";-;-
"410040 ALMIRANTE TAMANDARE";-;-
"410030 AGUDOS DO SUL";-;-
"410045 ALTAMIRA DO PARANA";-;-
"410060 ALTO PARANA";-;-
"410050 ALTONIA";-;-
"355730 ESTIVA GERBI";-;-
"355720 CHAVANTES";-;-
" MUNICIPIO IGNORADO - PR";-;-
"410020 ADRIANOPOLIS";-;-
"410010 ABATIA";-;-
"410275 BELA VISTA DA CAROBA";-;-
"410445 CANTAGALO";-;-
"410442 CANDOI";-;-
"410450 CAPANEMA";-;-
"410465 CARAMBEI";-;-
"410460 CAPITAO LEONIDAS MARQUES";-;-
"410410 CAMPO DO TENENTE";-;-
"410405 CAMPO BONITO";-;-
"410420 CAMPO LARGO";-;-
"410440 CANDIDO DE ABREU";-;-
"410425 CAMPO MAGRO";-;-
"410470 CARLOPOLIS";-;-
"410570 CLEVELANDIA";-;-
"410560 CIDADE GAUCHA";-;-
"410580 COLOMBO";-;-
"410610 CONSELHEIRO MAIRINCK";-;-
"410600 CONGONHINHAS";-;-
"410510 CENTENARIO DO SUL";-;-
"410500 CATANDUVAS";-;-
"410520 CERRO AZUL";-;-
"410540 CHOPINZINHO";-;-
"410530 CEU AZUL";-;-
"410395 CAMPINA DO SIMAO";-;-
"410310 BOCAIUVA DO SUL";-;-
"410305 BOA VISTA DA APARECIDA";-;-
"410315 BOM JESUS DO SUL";-;-
"410322 BOM SUCESSO DO SUL";-;-
"410320 BOM SUCESSO";-;-
"410290 BITURUNA";-;-
"410280 BELA VISTA DO PARAISO";-;-
"410300 BOA ESPERANCA";-;-
"410304 BOA VENTURA DE SAO ROQUE";-;-
"410302 BOA ESPERANCA DO IGUACU";-;-
"410330 BORRAZOPOLIS";-;-
"410360 CAMBARA";-;-
"410350 CALIFORNIA";-;-
"410370 CAMBE";-;-
"410390 CAMPINA DA LAGOA";-;-
"410380 CAMBIRA";-;-
"410337 BRASILANDIA DO SUL";-;-
"410335 BRAGANEY";-;-
"410340 CAFEARA";-;-
"410347 CAFEZAL DO SUL";-;-
"410345 CAFELANDIA";-;-
"355140 SERRA AZUL";-;-
"355130 SEBASTIANOPOLIS DO SUL";-;-
"355150 SERRANA";-;-
"355170 SERTAOZINHO";-;-
"355160 SERRA NEGRA";-;-
"355090 SAO SIMAO";-;-
"355080 SAO SEBASTIAO DA GRAMA";-;-
"355100 SAO VICENTE";-;-
"355120 SARUTAIA";-;-
"355110 SARAPUI";-;-
"355180 SETE BARRAS";-;-
"355250 SUZANO";-;-
"355240 SUMARE";-;-
"355255 SUZANAPOLIS";-;-
"355270 TABATINGA";-;-
"355260 TABAPUA";-;-
"355200 SILVEIRAS";-;-
"355190 SEVERINIA";-;-
"355210 SOCORRO";-;-
"355230 SUD MENNUCCI";-;-
"355220 SOROCABA";-;-
"355070 SAO SEBASTIAO";-;-
"354930 SAO JOAO DO PAU D'ALHO";-;-
"354925 SAO JOAO DE IRACEMA";-;-
"354940 SAO JOAQUIM DA BARRA";-;-
"354960 SAO JOSE DO BARREIRO";-;-
"354950 SAO JOSE DA BELA VISTA";-;-
"354890 SAO CARLOS";-;-
"354880 SAO CAETANO DO SUL";-;-
"354900 SAO FRANCISCO";-;-
"354920 SAO JOAO DAS DUAS PONTES";-;-
"354910 SAO JOAO DA BOA VISTA";-;-
"354970 SAO JOSE DO RIO PARDO";-;-
"355030 SAO PAULO";-;-
"355020 SAO MIGUEL ARCANJO";-;-
"355040 SAO PEDRO";-;-
"355060 SAO ROQUE";-;-
"355050 SAO PEDRO DO TURVO";-;-
"354990 SAO JOSE DOS CAMPOS";-;-
"354980 SAO JOSE DO RIO PRETO";-;-
"354995 SAO LOURENCO DA SERRA";-;-
"355010 SAO MANUEL";-;-
"355000 SAO LUIS DO PARAITINGA";-;-
"355280 TABOAO DA SERRA";-;-
"355510 TUPI PAULISTA";-;-
"355500 TUPA";-;-
"355520 TURIUBA";-;-
"355535 UBARANA";-;-
"355530 TURMALINA";-;-
"355475 TRABIJU";-;-
"355470 TORRINHA";-;-
"355480 TREMEMBE";-;-
"355495 TUIUTI";-;-
"355490 TRES FRONTEIRAS";-;-
"355540 UBATUBA";-;-
"355610 VALENTIM GENTIL";-;-
"355600 URUPES";-;-
"355620 VALINHOS";-;-
"355635 VARGEM";-;-
"355630 VALPARAISO";-;-
"355560 UCHOA";-;-
"355550 UBIRAJARA";-;-
"355570 UNIAO PAULISTA";-;-
"355590 URU";-;-
"355580 URANIA";-;-
"355465 TORRE DE PEDRA";-;-
"355350 TAPIRAI";-;-
"355340 TANABI";-;-
"355360 TAPIRATIBA";-;-
"355370 TAQUARITINGA";-;-
"355365 TAQUARAL";-;-
"355300 TAGUAI";-;-
"355290 TACIBA";-;-
"355310 TAIACU";-;-
"355330 TAMBAU";-;-
"355320 TAIUVA";-;-
"355380 TAQUARITUBA";-;-
"355430 TEODORO SAMPAIO";-;-
"355420 TEJUPA";-;-
"355440 TERRA ROXA";-;-
"355460 TIMBURI";-;-
"355450 TIETE";-;-
"355390 TARABAI";-;-
"355385 TAQUARIVAI";-;-
"355395 TARUMA";-;-
"355410 TAUBATE";-;-
"355400 TATUI";-;-
"411500 MARILENA";-;-
"411490 MARILANDIA DO SUL";-;-
"411510 MARILUZ";-;-
"411535 MARIPA";-;-
"411530 MARIOPOLIS";-;-
"411450 MANOEL RIBAS";-;-
"411440 MANGUEIRINHA";-;-
"411460 MARECHAL CANDIDO RONDON";-;-
"411480 MARIALVA";-;-
"411470 MARIA HELENA";-;-
"411540 MARMELEIRO";-;-
"411580 MEDIANEIRA";-;-
"411575 MAUA DA SERRA";-;-
"411585 MERCEDES";-;-
"411600 MIRASELVA";-;-
"411590 MIRADOR";-;-
"411550 MARUMBI";-;-
"411545 MARQUINHO";-;-
"411560 MATELANDIA";-;-
"411573 MATO RICO";-;-
"411570 MATINHOS";-;-
"411435 MANFRINOPOLIS";-;-
"411325 LARANJAL";-;-
"411310 KALORE";-;-
"411330 LARANJEIRAS DO SUL";-;-
"411342 LIDIANOPOLIS";-;-
"411340 LEOPOLIS";-;-
"411280 JOAQUIM TAVORA";-;-
"411275 JESUITAS";-;-
"411290 JUNDIAI DO SUL";-;-
"411300 JUSSARA";-;-
"411295 JURANDA";-;-
"411345 LINDOESTE";-;-
"411400 MAMBORE";-;-
"411390 MALLET";-;-
"411410 MANDAGUACU";-;-
"411430 MANDIRITUBA";-;-
"411420 MANDAGUARI";-;-
"411360 LOBATO";-;-
"411350 LOANDA";-;-
"411373 LUIZIANA";-;-
"411380 LUPIONOPOLIS";-;-
"411375 LUNARDELLI";-;-
"411605 MISSAL";-;-
"411810 PARANACITY";-;-
"411800 PARAISO DO NORTE";-;-
"411820 PARANAGUA";-;-
"411845 PATO BRAGADO";-;-
"411830 PARANAPOEMA";-;-
"411760 PALMAS";-;-
"411750 PAICANDU";-;-
"411770 PALMEIRA";-;-
"411790 PALOTINA";-;-
"411780 PALMITAL";-;-
"411850 PATO BRANCO";-;-
"411910 PIEN";-;-
"411900 PEROLA D'OESTE";-;-
"411915 PINHAIS";-;-
"411925 PINHAL DE SAO BENTO";-;-
"411920 PINHALAO";-;-
"411870 PAULO FRONTIN";-;-
"411860 PAULA FREITAS";-;-
"411880 PEABIRU";-;-
"411890 PEROLA";-;-
"411885 PEROBAL";-;-
"411745 OURO VERDE DO OESTE";-;-
"411670 NOVA AURORA";-;-
"411660 NOVA AMERICA DA COLINA";-;-
"411680 NOVA CANTU";-;-
"411695 NOVA ESPERANCA DO SUDOESTE";-;-
"411690 NOVA ESPERANCA";-;-
"411620 MORRETES";-;-
"411610 MOREIRA SALES";-;-
"411630 MUNHOZ DE MELO";-;-
"411650 NOVA ALIANCA DO IVAI";-;-
"411640 NOSSA SENHORA DAS GRACAS";-;-
"411700 NOVA FATIMA";-;-
"411727 NOVA TEBAS";-;-
"411725 NOVA PRATA DO IGUACU";-;-
"411729 NOVO ITACOLOMI";-;-
"411740 OURIZONA";-;-
"411730 ORTIGUEIRA";-;-
"411710 NOVA LONDRINA";-;-
"411705 NOVA LARANJEIRAS";-;-
"411720 NOVA OLIMPIA";-;-
"411722 NOVA SANTA ROSA";-;-
"411721 NOVA SANTA BARBARA";-;-
"410785 FLOR DA SERRA DO SUL";-;-
"410780 FLORAI";-;-
"410790 FLORESTA";-;-
"410810 FLORIDA";-;-
"410800 FLORESTOPOLIS";-;-
"410765 FAZENDA RIO GRANDE";-;-
"410760 FAXINAL";-;-
"410770 FENIX";-;-
"410775 FIGUEIRA";-;-
"410773 FERNANDES PINHEIRO";-;-
"410820 FORMOSA DO OESTE";-;-
"410880 GUAIRA";-;-
"410870 GRANDES RIOS";-;-
"410890 GUAIRACA";-;-
"410900 GUAPIRAMA";-;-
"410895 GUAMIRANGA";-;-
"410845 FOZ DO JORDAO";-;-
"410832 FRANCISCO ALVES";-;-
"410850 GENERAL CARNEIRO";-;-
"410865 GOIOXIM";-;-
"410855 GODOY MOREIRA";-;-
"410755 FAROL";-;-
"410660 CRUZEIRO DO OESTE";-;-
"410657 CRUZEIRO DO IGUACU";-;-
"410670 CRUZEIRO DO SUL";-;-
"410685 CRUZMALTINA";-;-
"410680 CRUZ MACHADO";-;-
"410630 CORBELIA";-;-
"410620 CONTENDA";-;-
"410645 CORONEL DOMINGOS SOARES";-;-
"410655 CORUMBATAI DO SUL";-;-
"410650 CORONEL VIVIDA";-;-
"410700 CURIUVA";-;-
"410750 ENGENHEIRO BELTRAO";-;-
"410740 ENEAS MARQUES";-;-
"410752 ESPERANCA NOVA";-;-
"410754 ESPIGAO ALTO DO IGUACU";-;-
"410753 ENTRE RIOS DO OESTE";-;-
"410712 DIAMANTE DO SUL";-;-
"410710 DIAMANTE DO NORTE";-;-
"410715 DIAMANTE D'OESTE";-;-
"410730 DOUTOR CAMARGO";-;-
"410725 DOURADINA";-;-
"410910 GUAPOREMA";-;-
"411140 IVAI";-;-
"411130 ITAUNA DO SUL";-;-
"411150 IVAIPORA";-;-
"411160 IVATUBA";-;-
"411155 IVATE";-;-
"411100 ITAMBARACA";-;-
"411095 ITAIPULANDIA";-;-
"411110 ITAMBE";-;-
"411125 ITAPERUCU";-;-
"411120 ITAPEJARA D'OESTE";-;-
"411170 JABOTI";-;-
"411240 JAPURA";-;-
"411230 JAPIRA";-;-
"411250 JARDIM ALEGRE";-;-
"411270 JATAIZINHO";-;-
"411260 JARDIM OLINDA";-;-
"411190 JAGUAPITA";-;-
"411180 JACAREZINHO";-;-
"411200 JAGUARIAIVA";-;-
"411220 JANIOPOLIS";-;-
"411210 JANDAIA DO SUL";-;-
"411090 ITAGUAJE";-;-
"410975 IBEMA";-;-
"410970 IBAITI";-;-
"410980 IBIPORA";-;-
"411000 IGUARACU";-;-
"410990 ICARAIMA";-;-
"410930 GUARANIACU";-;-
"410920 GUARACI";-;-
"410950 GUARAQUECABA";-;-
"410965 HONORIO SERPA";-;-
"410960 GUARATUBA";-;-
"411005 IGUATU";-;-
"411060 IPORA";-;-
"411050 IPIRANGA";-;-
"411065 IRACEMA DO OESTE";-;-
"411080 IRETAMA";-;-
"411070 IRATI";-;-
"411010 IMBITUVA";-;-
"411007 IMBAU";-;-
"411020 INACIO MARTINS";-;-
"411040 INDIANOPOLIS";-;-
"411030 INAJA";-;-
"352770 LUIZIANIA";-;-
"352760 LUIS ANTONIO";-;-
"352780 LUPERCIO";-;-
"352800 MACATUBA";-;-
"352790 LUTECIA";-;-
"352725 LOURDES";-;-
"352720 LORENA";-;-
"352730 LOUVEIRA";-;-
"352750 LUCIANOPOLIS";-;-
"352740 LUCELIA";-;-
"352810 MACAUBAL";-;-
"352880 MARACAI";-;-
"352870 MARABA PAULISTA";-;-
"352885 MARAPOAMA";-;-
"352900 MARILIA";-;-
"352890 MARIAPOLIS";-;-
"352830 MAGDA";-;-
"352820 MACEDONIA";-;-
"352840 MAIRINQUE";-;-
"352860 MANDURI";-;-
"352850 MAIRIPORA";-;-
"352710 LINS";-;-
"352570 JOSE BONIFACIO";-;-
"352560 JOAO RAMALHO";-;-
"352580 JULIO MESQUITA";-;-
"352590 JUNDIAI";-;-
"352585 JUMIRIM";-;-
"352520 JARINU";-;-
"352510 JARDINOPOLIS";-;-
"352530 JAU";-;-
"352550 JOANOPOLIS";-;-
"352540 JERIQUARA";-;-
"352600 JUNQUEIROPOLIS";-;-
"352670 LEME";-;-
"352660 LAVRINHAS";-;-
"352680 LENCOIS PAULISTA";-;-
"352700 LINDOIA";-;-
"352690 LIMEIRA";-;-
"352620 JUQUITIBA";-;-
"352610 JUQUIA";-;-
"352630 LAGOINHA";-;-
"352650 LAVINIA";-;-
"352640 LARANJAL PAULISTA";-;-
"352910 MARINOPOLIS";-;-
"353190 MORRO AGUDO";-;-
"353180 MONTE MOR";-;-
"353200 MORUNGABA";-;-
"353210 MURUTINGA DO SUL";-;-
"353205 MOTUCA";-;-
"353140 MONTE APRAZIVEL";-;-
"353130 MONTE ALTO";-;-
"353150 MONTE AZUL PAULISTA";-;-
"353170 MONTEIRO LOBATO";-;-
"353160 MONTE CASTELO";-;-
"353215 NANTES";-;-
"353280 NOVA ALIANCA";-;-
"353270 NIPOA";-;-
"353282 NOVA CAMPINA";-;-
"353286 NOVA CASTILHO";-;-
"353284 NOVA CANAA PAULISTA";-;-
"353230 NATIVIDADE DA SERRA";-;-
"353220 NARANDIBA";-;-
"353240 NAZARE PAULISTA";-;-
"353260 NHANDEARA";-;-
"353250 NEVES PAULISTA";-;-
"353120 MONTE ALEGRE DO SUL";-;-
"352970 MIGUELOPOLIS";-;-
"352965 MESOPOLIS";-;-
"352980 MINEIROS DO TIETE";-;-
"353000 MIRA ESTRELA";-;-
"352990 MIRACATU";-;-
"352930 MATAO";-;-
"352920 MARTINOPOLIS";-;-
"352940 MAUA";-;-
"352960 MERIDIANO";-;-
"352950 MENDONCA";-;-
"353010 MIRANDOPOLIS";-;-
"353080 MOGI MIRIM";-;-
"353070 MOGI GUACU";-;-
"353090 MOMBUCA";-;-
"353110 MONGAGUA";-;-
"353100 MONCOES";-;-
"353030 MIRASSOL";-;-
"353020 MIRANTE DO PARANAPANEMA";-;-
"353040 MIRASSOLANDIA";-;-
"353060 MOGI DAS CRUZES";-;-
"353050 MOCOCA";-;-
"351970 IBIUNA";-;-
"351960 IBITINGA";-;-
"351980 ICEM";-;-
"352000 IGARACU DO TIETE";-;-
"351990 IEPE";-;-
"351925 IARAS";-;-
"351920 IACRI";-;-
"351930 IBATE";-;-
"351950 IBIRAREMA";-;-
"351940 IBIRA";-;-
"352010 IGARAPAVA";-;-
"352060 INDIANA";-;-
"352050 INDAIATUBA";-;-
"352070 INDIAPORA";-;-
"352090 IPAUSSU";-;-
"352080 INUBIA PAULISTA";-;-
"352030 IGUAPE";-;-
"352020 IGARATA";-;-
"352040 ILHABELA";-;-
"352044 ILHA SOLTEIRA";-;-
"352042 ILHA COMPRIDA";-;-
"351910 IACANGA";-;-
"351790 GUARACI";-;-
"351780 GUARACAI";-;-
"351800 GUARANI D'OESTE";-;-
"351820 GUARARAPES";-;-
"351810 GUARANTA";-;-
"351740 GUAIRA";-;-
"351730 GUAIMBE";-;-
"351750 GUAPIACU";-;-
"351770 GUARA";-;-
"351760 GUAPIARA";-;-
"351830 GUARAREMA";-;-
"351890 GUZOLANDIA";-;-
"351885 GUATAPARA";-;-
"351900 HERCULANDIA";-;-
"351907 HORTOLANDIA";-;-
"351905 HOLAMBRA";-;-
"351850 GUAREI";-;-
"351840 GUARATINGUETA";-;-
"351860 GUARIBA";-;-
"351880 GUARULHOS";-;-
"351870 GUARUJA";-;-
"352100 IPERO";-;-
"352360 ITIRAPINA";-;-
"352350 ITATINGA";-;-
"352370 ITIRAPUA";-;-
"352390 ITU";-;-
"352380 ITOBI";-;-
"352310 ITAQUAQUECETUBA";-;-
"352300 ITAPURA";-;-
"352320 ITARARE";-;-
"352340 ITATIBA";-;-
"352330 ITARIRI";-;-
"352400 ITUPEVA";-;-
"352470 JAGUARIUNA";-;-
"352460 JACUPIRANGA";-;-
"352480 JALES";-;-
"352500 JANDIRA";-;-
"352490 JAMBEIRO";-;-
"352420 JABORANDI";-;-
"352410 ITUVERAVA";-;-
"352430 JABOTICABAL";-;-
"352450 JACI";-;-
"352440 JACAREI";-;-
"352290 ITAPUI";-;-
"352160 IRAPURU";-;-
"352150 IRAPUA";-;-
"352170 ITABERA";-;-
"352190 ITAJOBI";-;-
"352180 ITAI";-;-
"352115 IPIGUA";-;-
"352110 IPEUNA";-;-
"352120 IPORANGA";-;-
"352140 IRACEMAPOLIS";-;-
"352130 IPUA";-;-
"352200 ITAJU";-;-
"352260 ITAPIRA";-;-
"352250 ITAPEVI";-;-
"352265 ITAPIRAPUA PAULISTA";-;-
"352280 ITAPORANGA";-;-
"352270 ITAPOLIS";-;-
"352215 ITAOCA";-;-
"352210 ITANHAEM";-;-
"352220 ITAPECERICA DA SERRA";-;-
"352240 ITAPEVA";-;-
"352230 ITAPETININGA";-;-
"354330 RIBEIRAO PIRES";-;-
"354325 RIBEIRAO GRANDE";-;-
"354340 RIBEIRAO PRETO";-;-
"354360 RIFAINA";-;-
"354350 RIVERSUL";-;-
"354300 RIBEIRAO BRANCO";-;-
"354290 RIBEIRAO BONITO";-;-
"354310 RIBEIRAO CORRENTE";-;-
"354323 RIBEIRAO DOS INDIOS";-;-
"354320 RIBEIRAO DO SUL";-;-
"354370 RINCAO";-;-
"354430 ROSEIRA";-;-
"354425 ROSANA";-;-
"354440 RUBIACEA";-;-
"354460 SABINO";-;-
"354450 RUBINEIA";-;-
"354390 RIO CLARO";-;-
"354380 RINOPOLIS";-;-
"354400 RIO DAS PEDRAS";-;-
"354420 RIOLANDIA";-;-
"354410 RIO GRANDE DA SERRA";-;-
"354280 RIBEIRA";-;-
"354140 PRESIDENTE PRUDENTE";-;-
"354130 PRESIDENTE EPITACIO";-;-
"354150 PRESIDENTE VENCESLAU";-;-
"354165 QUADRA";-;-
"354160 PROMISSAO";-;-
"354100 PRAIA GRANDE";-;-
"354090 PRADOPOLIS";-;-
"354105 PRATANIA";-;-
"354120 PRESIDENTE BERNARDES";-;-
"354110 PRESIDENTE ALVES";-;-
"354170 QUATA";-;-
"354240 REGENTE FEIJO";-;-
"354230 REDENCAO DA SERRA";-;-
"354250 REGINOPOLIS";-;-
"354270 RESTINGA";-;-
"354260 REGISTRO";-;-
"354190 QUELUZ";-;-
"354180 QUEIROZ";-;-
"354200 QUINTANA";-;-
"354220 RANCHARIA";-;-
"354210 RAFARD";-;-
"354470 SAGRES";-;-
"354750 SANTA RITA DO PASSA QUATRO";-;-
"354740 SANTA RITA D'OESTE";-;-
"354760 SANTA ROSA DE VITERBO";-;-
"354770 SANTO ANASTACIO";-;-
"354765 SANTA SALETE";-;-
"354700 SANTA MARIA DA SERRA";-;-
"354690 SANTA LUCIA";-;-
"354710 SANTA MERCEDES";-;-
"354730 SANTANA DE PARNAIBA";-;-
"354720 SANTANA DA PONTE PENSA";-;-
"354780 SANTO ANDRE";-;-
"354840 SANTOPOLIS DO AGUAPEI";-;-
"354830 SANTO EXPEDITO";-;-
"354850 SANTOS";-;-
"354870 SAO BERNARDO DO CAMPO";-;-
"354860 SAO BENTO DO SAPUCAI";-;-
"354800 SANTO ANTONIO DE POSSE";-;-
"354790 SANTO ANTONIO DA ALEGRIA";-;-
"354805 SANTO ANTONIO DO ARACANGUA";-;-
"354820 SANTO ANTONIO DO PINHAL";-;-
"354810 SANTO ANTONIO DO JARDIM";-;-
"354680 SANTA ISABEL";-;-
"354530 SALTO DE PIRAPORA";-;-
"354520 SALTO";-;-
"354540 SALTO GRANDE";-;-
"354560 SANTA ADELIA";-;-
"354550 SANDOVALINA";-;-
"354490 SALES OLIVEIRA";-;-
"354480 SALES";-;-
"354500 SALESOPOLIS";-;-
"354515 SALTINHO";-;-
"354510 SALMOURAO";-;-
"354570 SANTA ALBERTINA";-;-
"354640 SANTA CRUZ DO RIO PARDO";-;-
"354630 SANTA CRUZ DAS PALMEIRAS";-;-
"354650 SANTA ERNESTINA";-;-
"354670 SANTA GERTRUDES";-;-
"354660 SANTA FE DO SUL";-;-
"354600 SANTA BRANCA";-;-
"354580 SANTA BARBARA D'OESTE";-;-
"354610 SANTA CLARA D'OESTE";-;-
"354625 SANTA CRUZ DA ESPERANCA";-;-
"354620 SANTA CRUZ DA CONCEICAO";-;-
"353550 PARAGUACU PAULISTA";-;-
"353540 PANORAMA";-;-
"353560 PARAIBUNA";-;-
"353580 PARANAPANEMA";-;-
"353570 PARAISO";-;-
"353500 PALESTINA";-;-
"353490 PACAEMBU";-;-
"353510 PALMARES PAULISTA";-;-
"353530 PALMITAL";-;-
"353520 PALMEIRA D'OESTE";-;-
"353590 PARANAPUA";-;-
"353650 PAULINIA";-;-
"353640 PAULICEIA";-;-
"353657 PAULISTANIA";-;-
"353670 PEDERNEIRAS";-;-
"353660 PAULO DE FARIA";-;-
"353610 PARDINHO";-;-
"353600 PARAPUA";-;-
"353620 PARIQUERA-ACU";-;-
"353630 PATROCINIO PAULISTA";-;-
"353625 PARISI";-;-
"353480 OURO VERDE";-;-
"353340 NOVA ODESSA";-;-
"353330 NOVA LUZITANIA";-;-
"353350 NOVO HORIZONTE";-;-
"353370 OCAUCU";-;-
"353360 NUPORANGA";-;-
"353300 NOVA GRANADA";-;-
"353290 NOVA EUROPA";-;-
"353310 NOVA GUATAPORANGA";-;-
"353325 NOVAIS";-;-
"353320 NOVA INDEPENDENCIA";-;-
"353380 OLEO";-;-
"353450 OSCAR BRESSANE";-;-
"353440 OSASCO";-;-
"353460 OSVALDO CRUZ";-;-
"353475 OUROESTE";-;-
"353470 OURINHOS";-;-
"353400 ONDA VERDE";-;-
"353390 OLIMPIA";-;-
"353410 ORIENTE";-;-
"353430 ORLANDIA";-;-
"353420 ORINDIUVA";-;-
"353680 PEDRA BELA";-;-
"353970 PLATINA";-;-
"353960 PLANALTO";-;-
"353980 POA";-;-
"354000 POMPEIA";-;-
"353990 POLONI";-;-
"353920 PIRAPOZINHO";-;-
"353910 PIRAPORA DO BOM JESUS";-;-
"353930 PIRASSUNUNGA";-;-
"353950 PITANGUEIRAS";-;-
"353940 PIRATININGA";-;-
"354010 PONGAI";-;-
"354070 PORTO FERREIRA";-;-
"354060 PORTO FELIZ";-;-
"354075 POTIM";-;-
"354085 PRACINHA";-;-
"354080 POTIRENDABA";-;-
"354025 PONTALINDA";-;-
"354020 PONTAL";-;-
"354030 PONTES GESTAL";-;-
"354050 PORANGABA";-;-
"354040 POPULINA";-;-
"353900 PIRANGI";-;-
"353740 PEREIRA BARRETO";-;-
"353730 PENAPOLIS";-;-
"353750 PEREIRAS";-;-
"353770 PIACATU";-;-
"353760 PERUIBE";-;-
"353700 PEDREGULHO";-;-
"353690 PEDRANOPOLIS";-;-
"353710 PEDREIRA";-;-
"353720 PEDRO DE TOLEDO";-;-
"353715 PEDRINHAS PAULISTA";-;-
"353780 PIEDADE";-;-
"353860 PIRACAIA";-;-
"353850 PIQUETE";-;-
"353870 PIRACICABA";-;-
"353890 PIRAJUI";-;-
"353880 PIRAJU";-;-
"353800 PINDAMONHANGABA";-;-
"353790 PILAR DO SUL";-;-
"353810 PINDORAMA";-;-
"353830 PIQUEROBI";-;-
"353820 PINHALZINHO";-;-
"Total";21546;21546
